[2025-05-28 13:53:07] 📥 Incoming Payload => Array
(
    [Monthly or Annual] => 
    [Placeholder] => 
    [PersonDisplayID] => 
    [Join Date] => 
    [personId] => 
    [Contact Message] => 
    [Affiliate Display ID] => 
    [Affiliate Portal Link] => 
    [personTypeId] => 
    [Affiliate Link] => 
    [Affiliate Phone] => 
    [LinkID] => 19522903581
    [Subaccount ID] => 
    [Subscription ID] => 
    [Password] => umairshaukat278
    [Dream Destination] => test
    [contact_id] => TMPBeBtqDpVxnYBRPSVx
    [first_name] => Test
    [last_name] => order
    [full_name] => Test order
    [email] => testing_products@gmail.com
    [phone] => +13044319778
    [tags] => 
    [address1] => house no 42 gulberg toba tak singh state punjab pakistan
    [city] => toba tak singh
    [state] => Punjab
    [country] => PK
    [timezone] => Asia/Karachi
    [date_created] => 2025-05-22T01:08:14.227Z
    [postal_code] => 36300
    [date_of_birth] => 2025-05-15T00:00:00.000Z
    [contact_source] => test order page
    [full_address] => house no 42 gulberg toba tak singh state punjab pakistan, toba tak singh Punjab 36300
    [contact_type] => lead
    [location] => Array
        (
            [name] => Levarti Travel
            [address] => 2655 Ulmerton Road, #254
            [city] => Clearwater
            [state] => FL
            [country] => US
            [postalCode] => 33762
            [fullAddress] => 2655 Ulmerton Road, #254, Clearwater FL 33762
            [id] => BgC5ZRCPYCXFXQYCjR7y
        )

    [order] => Array
        (
            [line_item_global_product_ids] => Array
                (
                    [0] => 68364006a8bec0391315a2bf
                    [1] => 68364006a8bec0c7dd15a2c1
                )

            [ine_item_global_price_ids] => Array
                (
                    [0] => 68364006a8bec0a71115a2d0
                    [1] => 68364006a8bec00d3715a2d2
                )

            [line_item_funnel_product_ids] => Array
                (
                    [0] => 683656ce9ad15530eb3b6754
                    [1] => 68365ca9eddfe147d4a281c9
                )

            [line_item_product_submission_types] => Array
                (
                    [0] => 1
                    [1] => 1
                )

            [funnel_id] => ZUpA97sQFyZSZlFQIILb
            [source] => funnel
            [sub_source] => one_step_order_form
            [source_id] => ZUpA97sQFyZSZlFQIILb
            [meta] => Array
                (
                    [page_id] => pq1DHnogOg6Gam5KNy2U
                )

            [payment_gateway] => stripe
            [created_at] => 2025-05-28T13:32:49.537Z
            [created_on] => 28 May 2025
            [line_items] => Array
                (
                    [0] => Array
                        (
                            [id] => 683656ce9ad15530eb3b6754
                            [title] => Passport Travel Advisor Annual (NEW)
                            [image] => https://storage.googleapis.com/builder-preview/payment/product/product-placeholder.png
                            [price] => 1489
                            [quantity] => 1
                            [line_price] => 1489
                            [product_type] => one_time
                            [product_submission_type] => 1
                            [meta] => Array
                                (
                                    [product_id] => 68364006a8bec0391315a2bf
                                    [price_id] => 68364006a8bec0a71115a2d0
                                    [order_id] => 68371081c650762ed08ec07e
                                )

                        )

                    [1] => Array
                        (
                            [id] => 68365ca9eddfe147d4a281c9
                            [title] => Annual Affiliate Fee
                            [image] => https://storage.googleapis.com/builder-preview/payment/product/product-placeholder.png
                            [price] => 50
                            [quantity] => 1
                            [line_price] => 50
                            [product_type] => one_time
                            [product_submission_type] => 1
                            [meta] => Array
                                (
                                    [product_id] => 68364006a8bec0c7dd15a2c1
                                    [price_id] => 68364006a8bec00d3715a2d2
                                    [order_id] => 68371081c650762ed08ec07e
                                )

                        )

                )

            [customer] => Array
                (
                    [id] => TMPBeBtqDpVxnYBRPSVx
                    [first_name] => Test
                    [last_name] => order
                    [name] => Test order
                    [email] => testing_products@gmail.com
                    [phone] => +13044319778
                    [full_address] => house no 42 gulberg toba tak singh state punjab pakistan
                    [state] => Punjab
                    [city] => toba tak singh
                    [country] => PK
                    [postal_code] => 36300
                )

            [currency_code] => USD
            [currency_symbol] => $
            [total_cart_price] => 1539
            [has_discount] => 
            [total_discount] => 0
            [discount_code] => 
            [total_price] => 1539
        )

    [workflow] => Array
        (
            [id] => faaa195c-1bcb-477c-8028-1d7d89a313f7
            [name] => TEST
        )

    [triggerData] => Array
        (
        )

    [contact] => Array
        (
            [attributionSource] => Array
                (
                    [sessionSource] => Direct traffic
                    [url] => https://app.levartimarketingsystems.com/v2/preview/V8VhiU2V2vSAbxBYcWIe
                    [campaign] => 
                    [utmSource] => 
                    [utmMedium] => 
                    [utmContent] => 
                    [utmTerm] => 
                    [utmKeyword] => 
                    [utmMatchtype] => 
                    [referrer] => 
                    [gclid] => 
                    [userAgent] => Mozilla/5.0 (Windows NT 10.0; Win64; x64) AppleWebKit/537.36 (KHTML, like Gecko) Chrome/136.0.0.0 Safari/537.36
                    [ip] => 163.223.4.97
                    [gaClientId] => GA1.2.1420336292.1747869861
                    [medium] => order_form
                    [mediumId] => 72dcffb0-9f94-4abc-acaa-89f8b6d014d6
                    [adName] => 
                    [adGroupId] => 
                    [adId] => 
                    [gbraid] => 
                    [wbraid] => 
                )

            [lastAttributionSource] => Array
                (
                    [sessionSource] => Direct traffic
                    [url] => https://dashlifetravel.com/pass-us-travel-2446
                    [utmSource] => 
                    [utmMedium] => 
                    [utmContent] => 
                    [utmTerm] => 
                    [utmKeyword] => 
                    [utmMatchtype] => 
                    [referrer] => 
                    [gclid] => 
                    [userAgent] => Mozilla/5.0 (Windows NT 10.0; Win64; x64) AppleWebKit/537.36 (KHTML, like Gecko) Chrome/136.0.0.0 Safari/537.36
                    [ip] => 163.223.4.81
                    [gaClientId] => 
                    [medium] => order_form
                    [mediumId] => a4332cca-7fd5-4f38-a9e3-1775cf733069
                    [adName] => 
                    [adGroupId] => 
                    [adId] => 
                    [gbraid] => 
                    [wbraid] => 
                )

        )

    [attributionSource] => Array
        (
        )

    [customData] => Array
        (
            [order_source] => funnel
            [order_total] => 1539
        )

)

[2025-05-28 14:09:15] 📥 Incoming Payload => Array
(
    [Monthly or Annual] => 
    [Placeholder] => 
    [PersonDisplayID] => 
    [Join Date] => 
    [personId] => 
    [Contact Message] => 
    [Affiliate Display ID] => 
    [Affiliate Portal Link] => 
    [personTypeId] => 
    [Affiliate Link] => 
    [Affiliate Phone] => 
    [LinkID] => 19522903581
    [Subaccount ID] => 
    [Subscription ID] => 
    [Password] => umairshaukat278
    [Dream Destination] => test
    [contact_id] => TMPBeBtqDpVxnYBRPSVx
    [first_name] => Test
    [last_name] => order
    [full_name] => Test order
    [email] => testing_products@gmail.com
    [phone] => +13044319778
    [tags] => 
    [address1] => house no 42 gulberg toba tak singh state punjab pakistan
    [city] => toba tak singh
    [state] => Punjab
    [country] => PK
    [timezone] => Asia/Karachi
    [date_created] => 2025-05-22T01:08:14.227Z
    [postal_code] => 36300
    [date_of_birth] => 2025-05-01T00:00:00.000Z
    [contact_source] => test order page
    [full_address] => house no 42 gulberg toba tak singh state punjab pakistan, toba tak singh Punjab 36300
    [contact_type] => lead
    [location] => Array
        (
            [name] => Levarti Travel
            [address] => 2655 Ulmerton Road, #254
            [city] => Clearwater
            [state] => FL
            [country] => US
            [postalCode] => 33762
            [fullAddress] => 2655 Ulmerton Road, #254, Clearwater FL 33762
            [id] => BgC5ZRCPYCXFXQYCjR7y
        )

    [order] => Array
        (
            [line_item_global_product_ids] => Array
                (
                    [0] => 68364006a8bec0391315a2bf
                    [1] => 68364006a8bec0c7dd15a2c1
                )

            [ine_item_global_price_ids] => Array
                (
                    [0] => 68364006a8bec0a71115a2d0
                    [1] => 68364006a8bec00d3715a2d2
                )

            [line_item_funnel_product_ids] => Array
                (
                    [0] => 683656ce9ad15530eb3b6754
                    [1] => 68365ca9eddfe147d4a281c9
                )

            [line_item_product_submission_types] => Array
                (
                    [0] => 1
                    [1] => 1
                )

            [funnel_id] => ZUpA97sQFyZSZlFQIILb
            [source] => funnel
            [sub_source] => one_step_order_form
            [source_id] => ZUpA97sQFyZSZlFQIILb
            [meta] => Array
                (
                    [page_id] => pq1DHnogOg6Gam5KNy2U
                )

            [payment_gateway] => stripe
            [created_at] => 2025-05-28T13:32:49.537Z
            [created_on] => 28 May 2025
            [line_items] => Array
                (
                    [0] => Array
                        (
                            [id] => 683656ce9ad15530eb3b6754
                            [title] => Passport Travel Advisor Annual (NEW)
                            [image] => https://storage.googleapis.com/builder-preview/payment/product/product-placeholder.png
                            [price] => 1489
                            [quantity] => 1
                            [line_price] => 1489
                            [product_type] => one_time
                            [product_submission_type] => 1
                            [meta] => Array
                                (
                                    [product_id] => 68364006a8bec0391315a2bf
                                    [price_id] => 68364006a8bec0a71115a2d0
                                    [order_id] => 68371081c650762ed08ec07e
                                )

                        )

                    [1] => Array
                        (
                            [id] => 68365ca9eddfe147d4a281c9
                            [title] => Annual Affiliate Fee
                            [image] => https://storage.googleapis.com/builder-preview/payment/product/product-placeholder.png
                            [price] => 50
                            [quantity] => 1
                            [line_price] => 50
                            [product_type] => one_time
                            [product_submission_type] => 1
                            [meta] => Array
                                (
                                    [product_id] => 68364006a8bec0c7dd15a2c1
                                    [price_id] => 68364006a8bec00d3715a2d2
                                    [order_id] => 68371081c650762ed08ec07e
                                )

                        )

                )

            [customer] => Array
                (
                    [id] => TMPBeBtqDpVxnYBRPSVx
                    [first_name] => Test
                    [last_name] => order
                    [name] => Test order
                    [email] => testing_products@gmail.com
                    [phone] => +13044319778
                    [full_address] => house no 42 gulberg toba tak singh state punjab pakistan
                    [state] => Punjab
                    [city] => toba tak singh
                    [country] => PK
                    [postal_code] => 36300
                )

            [currency_code] => USD
            [currency_symbol] => $
            [total_cart_price] => 1539
            [has_discount] => 
            [total_discount] => 0
            [discount_code] => 
            [total_price] => 1539
        )

    [workflow] => Array
        (
            [id] => faaa195c-1bcb-477c-8028-1d7d89a313f7
            [name] => TEST
        )

    [triggerData] => Array
        (
        )

    [contact] => Array
        (
            [attributionSource] => Array
                (
                    [sessionSource] => Direct traffic
                    [url] => https://app.levartimarketingsystems.com/v2/preview/V8VhiU2V2vSAbxBYcWIe
                    [campaign] => 
                    [utmSource] => 
                    [utmMedium] => 
                    [utmContent] => 
                    [utmTerm] => 
                    [utmKeyword] => 
                    [utmMatchtype] => 
                    [referrer] => 
                    [gclid] => 
                    [userAgent] => Mozilla/5.0 (Windows NT 10.0; Win64; x64) AppleWebKit/537.36 (KHTML, like Gecko) Chrome/136.0.0.0 Safari/537.36
                    [ip] => 163.223.4.97
                    [gaClientId] => GA1.2.1420336292.1747869861
                    [medium] => order_form
                    [mediumId] => 72dcffb0-9f94-4abc-acaa-89f8b6d014d6
                    [adName] => 
                    [adGroupId] => 
                    [adId] => 
                    [gbraid] => 
                    [wbraid] => 
                )

            [lastAttributionSource] => Array
                (
                    [sessionSource] => Direct traffic
                    [url] => https://dashlifetravel.com/thankyou?linkid=&email=testing_products@gmail.com
                    [utmSource] => 
                    [utmMedium] => 
                    [utmContent] => 
                    [utmTerm] => 
                    [utmKeyword] => 
                    [utmMatchtype] => 
                    [referrer] => 
                    [gclid] => 
                    [userAgent] => Mozilla/5.0 (Windows NT 10.0; Win64; x64) AppleWebKit/537.36 (KHTML, like Gecko) Chrome/136.0.0.0 Safari/537.36
                    [ip] => 163.223.4.81
                    [gaClientId] => 
                    [medium] => form
                    [mediumId] => 9cJp0vMar6fRnDZsUQKl
                    [adName] => 
                    [adGroupId] => 
                    [adId] => 
                    [gbraid] => 
                    [wbraid] => 
                )

        )

    [attributionSource] => Array
        (
        )

    [customData] => Array
        (
            [order_source] => funnel
            [order_total] => 1539
        )

)

[2025-05-28 14:29:17] 📥 Incoming Payload => Array
(
    [Monthly or Annual] => 
    [Placeholder] => 
    [PersonDisplayID] => 
    [Join Date] => 
    [personId] => 
    [Contact Message] => 
    [Affiliate Display ID] => 
    [Affiliate Portal Link] => 
    [personTypeId] => 
    [Affiliate Link] => 
    [Affiliate Phone] => 
    [LinkID] => 19522903581
    [Subaccount ID] => 
    [Subscription ID] => 
    [Password] => umairshaukat278
    [Dream Destination] => test
    [contact_id] => TMPBeBtqDpVxnYBRPSVx
    [first_name] => Test
    [last_name] => order
    [full_name] => Test order
    [email] => testing_products@gmail.com
    [phone] => +13044319778
    [tags] => 
    [address1] => house no 42 gulberg toba tak singh state punjab pakistan
    [city] => toba tak singh
    [state] => Punjab
    [country] => PK
    [timezone] => Asia/Karachi
    [date_created] => 2025-05-22T01:08:14.227Z
    [postal_code] => 36300
    [date_of_birth] => 2025-05-01T00:00:00.000Z
    [contact_source] => test order page
    [full_address] => house no 42 gulberg toba tak singh state punjab pakistan, toba tak singh Punjab 36300
    [contact_type] => lead
    [location] => Array
        (
            [name] => Levarti Travel
            [address] => 2655 Ulmerton Road, #254
            [city] => Clearwater
            [state] => FL
            [country] => US
            [postalCode] => 33762
            [fullAddress] => 2655 Ulmerton Road, #254, Clearwater FL 33762
            [id] => BgC5ZRCPYCXFXQYCjR7y
        )

    [order] => Array
        (
            [line_item_global_product_ids] => Array
                (
                    [0] => 68364006a8bec0391315a2bf
                    [1] => 68364006a8bec0c7dd15a2c1
                )

            [ine_item_global_price_ids] => Array
                (
                    [0] => 68364006a8bec0a71115a2d0
                    [1] => 68364006a8bec00d3715a2d2
                )

            [line_item_funnel_product_ids] => Array
                (
                    [0] => 683656ce9ad15530eb3b6754
                    [1] => 68365ca9eddfe147d4a281c9
                )

            [line_item_product_submission_types] => Array
                (
                    [0] => 1
                    [1] => 1
                )

            [funnel_id] => ZUpA97sQFyZSZlFQIILb
            [source] => funnel
            [sub_source] => one_step_order_form
            [source_id] => ZUpA97sQFyZSZlFQIILb
            [meta] => Array
                (
                    [page_id] => pq1DHnogOg6Gam5KNy2U
                )

            [payment_gateway] => stripe
            [created_at] => 2025-05-28T13:32:49.537Z
            [created_on] => 28 May 2025
            [line_items] => Array
                (
                    [0] => Array
                        (
                            [id] => 683656ce9ad15530eb3b6754
                            [title] => Passport Travel Advisor Annual (NEW)
                            [image] => https://storage.googleapis.com/builder-preview/payment/product/product-placeholder.png
                            [price] => 1489
                            [quantity] => 1
                            [line_price] => 1489
                            [product_type] => one_time
                            [product_submission_type] => 1
                            [meta] => Array
                                (
                                    [product_id] => 68364006a8bec0391315a2bf
                                    [price_id] => 68364006a8bec0a71115a2d0
                                    [order_id] => 68371081c650762ed08ec07e
                                )

                        )

                    [1] => Array
                        (
                            [id] => 68365ca9eddfe147d4a281c9
                            [title] => Annual Affiliate Fee
                            [image] => https://storage.googleapis.com/builder-preview/payment/product/product-placeholder.png
                            [price] => 50
                            [quantity] => 1
                            [line_price] => 50
                            [product_type] => one_time
                            [product_submission_type] => 1
                            [meta] => Array
                                (
                                    [product_id] => 68364006a8bec0c7dd15a2c1
                                    [price_id] => 68364006a8bec00d3715a2d2
                                    [order_id] => 68371081c650762ed08ec07e
                                )

                        )

                )

            [customer] => Array
                (
                    [id] => TMPBeBtqDpVxnYBRPSVx
                    [first_name] => Test
                    [last_name] => order
                    [name] => Test order
                    [email] => testing_products@gmail.com
                    [phone] => +13044319778
                    [full_address] => house no 42 gulberg toba tak singh state punjab pakistan
                    [state] => Punjab
                    [city] => toba tak singh
                    [country] => PK
                    [postal_code] => 36300
                )

            [currency_code] => USD
            [currency_symbol] => $
            [total_cart_price] => 1539
            [has_discount] => 
            [total_discount] => 0
            [discount_code] => 
            [total_price] => 1539
        )

    [workflow] => Array
        (
            [id] => faaa195c-1bcb-477c-8028-1d7d89a313f7
            [name] => TEST
        )

    [triggerData] => Array
        (
        )

    [contact] => Array
        (
            [attributionSource] => Array
                (
                    [sessionSource] => Direct traffic
                    [url] => https://app.levartimarketingsystems.com/v2/preview/V8VhiU2V2vSAbxBYcWIe
                    [campaign] => 
                    [utmSource] => 
                    [utmMedium] => 
                    [utmContent] => 
                    [utmTerm] => 
                    [utmKeyword] => 
                    [utmMatchtype] => 
                    [referrer] => 
                    [gclid] => 
                    [userAgent] => Mozilla/5.0 (Windows NT 10.0; Win64; x64) AppleWebKit/537.36 (KHTML, like Gecko) Chrome/136.0.0.0 Safari/537.36
                    [ip] => 163.223.4.97
                    [gaClientId] => GA1.2.1420336292.1747869861
                    [medium] => order_form
                    [mediumId] => 72dcffb0-9f94-4abc-acaa-89f8b6d014d6
                    [adName] => 
                    [adGroupId] => 
                    [adId] => 
                    [gbraid] => 
                    [wbraid] => 
                )

            [lastAttributionSource] => Array
                (
                    [sessionSource] => Direct traffic
                    [url] => https://dashlifetravel.com/thankyou?linkid=&email=testing_products@gmail.com
                    [utmSource] => 
                    [utmMedium] => 
                    [utmContent] => 
                    [utmTerm] => 
                    [utmKeyword] => 
                    [utmMatchtype] => 
                    [referrer] => 
                    [gclid] => 
                    [userAgent] => Mozilla/5.0 (Windows NT 10.0; Win64; x64) AppleWebKit/537.36 (KHTML, like Gecko) Chrome/136.0.0.0 Safari/537.36
                    [ip] => 163.223.4.81
                    [gaClientId] => 
                    [medium] => form
                    [mediumId] => 9cJp0vMar6fRnDZsUQKl
                    [adName] => 
                    [adGroupId] => 
                    [adId] => 
                    [gbraid] => 
                    [wbraid] => 
                )

        )

    [attributionSource] => Array
        (
        )

    [customData] => Array
        (
            [order_source] => funnel
            [order_total] => 1539
        )

)

[2025-05-28 14:33:09] 📥 Incoming Payload => Array
(
    [Monthly or Annual] => 
    [Placeholder] => 
    [PersonDisplayID] => 
    [Join Date] => 
    [personId] => 
    [Contact Message] => 
    [Affiliate Display ID] => 
    [Affiliate Portal Link] => 
    [personTypeId] => 
    [Affiliate Link] => 
    [Affiliate Phone] => 
    [LinkID] => 19522903581
    [Subaccount ID] => 
    [Subscription ID] => 
    [Password] => umairshaukat278
    [Dream Destination] => test
    [contact_id] => TMPBeBtqDpVxnYBRPSVx
    [first_name] => Test
    [last_name] => order
    [full_name] => Test order
    [email] => testing_products@gmail.com
    [phone] => +13044319778
    [tags] => 
    [address1] => house no 42 gulberg toba tak singh state punjab pakistan
    [city] => toba tak singh
    [state] => Punjab
    [country] => PK
    [timezone] => Asia/Karachi
    [date_created] => 2025-05-22T01:08:14.227Z
    [postal_code] => 36300
    [date_of_birth] => 2025-05-15T00:00:00.000Z
    [contact_source] => test order page
    [full_address] => house no 42 gulberg toba tak singh state punjab pakistan, toba tak singh Punjab 36300
    [contact_type] => lead
    [location] => Array
        (
            [name] => Levarti Travel
            [address] => 2655 Ulmerton Road, #254
            [city] => Clearwater
            [state] => FL
            [country] => US
            [postalCode] => 33762
            [fullAddress] => 2655 Ulmerton Road, #254, Clearwater FL 33762
            [id] => BgC5ZRCPYCXFXQYCjR7y
        )

    [order] => Array
        (
            [line_item_global_product_ids] => Array
                (
                    [0] => 68364006a8bec0391315a2bf
                    [1] => 68364006a8bec0c7dd15a2c1
                )

            [ine_item_global_price_ids] => Array
                (
                    [0] => 68364006a8bec0a71115a2d0
                    [1] => 68364006a8bec00d3715a2d2
                )

            [line_item_funnel_product_ids] => Array
                (
                    [0] => 683656ce9ad15530eb3b6754
                    [1] => 68365ca9eddfe147d4a281c9
                )

            [line_item_product_submission_types] => Array
                (
                    [0] => 1
                    [1] => 1
                )

            [funnel_id] => ZUpA97sQFyZSZlFQIILb
            [source] => funnel
            [sub_source] => one_step_order_form
            [source_id] => ZUpA97sQFyZSZlFQIILb
            [meta] => Array
                (
                    [page_id] => pq1DHnogOg6Gam5KNy2U
                )

            [payment_gateway] => stripe
            [created_at] => 2025-05-28T13:32:49.537Z
            [created_on] => 28 May 2025
            [line_items] => Array
                (
                    [0] => Array
                        (
                            [id] => 683656ce9ad15530eb3b6754
                            [title] => Passport Travel Advisor Annual (NEW)
                            [image] => https://storage.googleapis.com/builder-preview/payment/product/product-placeholder.png
                            [price] => 1489
                            [quantity] => 1
                            [line_price] => 1489
                            [product_type] => one_time
                            [product_submission_type] => 1
                            [meta] => Array
                                (
                                    [product_id] => 68364006a8bec0391315a2bf
                                    [price_id] => 68364006a8bec0a71115a2d0
                                    [order_id] => 68371081c650762ed08ec07e
                                )

                        )

                    [1] => Array
                        (
                            [id] => 68365ca9eddfe147d4a281c9
                            [title] => Annual Affiliate Fee
                            [image] => https://storage.googleapis.com/builder-preview/payment/product/product-placeholder.png
                            [price] => 50
                            [quantity] => 1
                            [line_price] => 50
                            [product_type] => one_time
                            [product_submission_type] => 1
                            [meta] => Array
                                (
                                    [product_id] => 68364006a8bec0c7dd15a2c1
                                    [price_id] => 68364006a8bec00d3715a2d2
                                    [order_id] => 68371081c650762ed08ec07e
                                )

                        )

                )

            [customer] => Array
                (
                    [id] => TMPBeBtqDpVxnYBRPSVx
                    [first_name] => Test
                    [last_name] => order
                    [name] => Test order
                    [email] => testing_products@gmail.com
                    [phone] => +13044319778
                    [full_address] => house no 42 gulberg toba tak singh state punjab pakistan
                    [state] => Punjab
                    [city] => toba tak singh
                    [country] => PK
                    [postal_code] => 36300
                )

            [currency_code] => USD
            [currency_symbol] => $
            [total_cart_price] => 1539
            [has_discount] => 
            [total_discount] => 0
            [discount_code] => 
            [total_price] => 1539
        )

    [workflow] => Array
        (
            [id] => faaa195c-1bcb-477c-8028-1d7d89a313f7
            [name] => TEST
        )

    [triggerData] => Array
        (
        )

    [contact] => Array
        (
            [attributionSource] => Array
                (
                    [sessionSource] => Direct traffic
                    [url] => https://app.levartimarketingsystems.com/v2/preview/V8VhiU2V2vSAbxBYcWIe
                    [campaign] => 
                    [utmSource] => 
                    [utmMedium] => 
                    [utmContent] => 
                    [utmTerm] => 
                    [utmKeyword] => 
                    [utmMatchtype] => 
                    [referrer] => 
                    [gclid] => 
                    [userAgent] => Mozilla/5.0 (Windows NT 10.0; Win64; x64) AppleWebKit/537.36 (KHTML, like Gecko) Chrome/136.0.0.0 Safari/537.36
                    [ip] => 163.223.4.97
                    [gaClientId] => GA1.2.1420336292.1747869861
                    [medium] => order_form
                    [mediumId] => 72dcffb0-9f94-4abc-acaa-89f8b6d014d6
                    [adName] => 
                    [adGroupId] => 
                    [adId] => 
                    [gbraid] => 
                    [wbraid] => 
                )

            [lastAttributionSource] => Array
                (
                    [sessionSource] => Direct traffic
                    [url] => https://dashlifetravel.com/pass-us-travel-2446
                    [utmSource] => 
                    [utmMedium] => 
                    [utmContent] => 
                    [utmTerm] => 
                    [utmKeyword] => 
                    [utmMatchtype] => 
                    [referrer] => 
                    [gclid] => 
                    [userAgent] => Mozilla/5.0 (Windows NT 10.0; Win64; x64) AppleWebKit/537.36 (KHTML, like Gecko) Chrome/136.0.0.0 Safari/537.36
                    [ip] => 163.223.4.81
                    [gaClientId] => 
                    [medium] => order_form
                    [mediumId] => a4332cca-7fd5-4f38-a9e3-1775cf733069
                    [adName] => 
                    [adGroupId] => 
                    [adId] => 
                    [gbraid] => 
                    [wbraid] => 
                )

        )

    [attributionSource] => Array
        (
        )

    [customData] => Array
        (
            [order_source] => funnel
            [order_total] => 1539
        )

)

[2025-05-28 14:40:12] 📥 Incoming Payload => Array
(
    [Monthly or Annual] => 
    [Placeholder] => 
    [PersonDisplayID] => 
    [Join Date] => 
    [personId] => 
    [Contact Message] => 
    [Affiliate Display ID] => 
    [Affiliate Portal Link] => 
    [personTypeId] => 
    [Affiliate Link] => 
    [Affiliate Phone] => 
    [LinkID] => 19522903581
    [Subaccount ID] => 
    [Subscription ID] => 
    [Password] => umairshaukat278
    [Dream Destination] => test
    [contact_id] => TMPBeBtqDpVxnYBRPSVx
    [first_name] => Test
    [last_name] => order
    [full_name] => Test order
    [email] => testing_products@gmail.com
    [phone] => +13044319778
    [tags] => 
    [address1] => house no 42 gulberg toba tak singh state punjab pakistan
    [city] => toba tak singh
    [state] => Punjab
    [country] => PK
    [timezone] => Asia/Karachi
    [date_created] => 2025-05-22T01:08:14.227Z
    [postal_code] => 36300
    [date_of_birth] => 2025-05-15T00:00:00.000Z
    [contact_source] => test order page
    [full_address] => house no 42 gulberg toba tak singh state punjab pakistan, toba tak singh Punjab 36300
    [contact_type] => lead
    [location] => Array
        (
            [name] => Levarti Travel
            [address] => 2655 Ulmerton Road, #254
            [city] => Clearwater
            [state] => FL
            [country] => US
            [postalCode] => 33762
            [fullAddress] => 2655 Ulmerton Road, #254, Clearwater FL 33762
            [id] => BgC5ZRCPYCXFXQYCjR7y
        )

    [order] => Array
        (
            [line_item_global_product_ids] => Array
                (
                    [0] => 68364006a8bec0391315a2bf
                    [1] => 68364006a8bec0c7dd15a2c1
                )

            [ine_item_global_price_ids] => Array
                (
                    [0] => 68364006a8bec0a71115a2d0
                    [1] => 68364006a8bec00d3715a2d2
                )

            [line_item_funnel_product_ids] => Array
                (
                    [0] => 683656ce9ad15530eb3b6754
                    [1] => 68365ca9eddfe147d4a281c9
                )

            [line_item_product_submission_types] => Array
                (
                    [0] => 1
                    [1] => 1
                )

            [funnel_id] => ZUpA97sQFyZSZlFQIILb
            [source] => funnel
            [sub_source] => one_step_order_form
            [source_id] => ZUpA97sQFyZSZlFQIILb
            [meta] => Array
                (
                    [page_id] => pq1DHnogOg6Gam5KNy2U
                )

            [payment_gateway] => stripe
            [created_at] => 2025-05-28T13:32:49.537Z
            [created_on] => 28 May 2025
            [line_items] => Array
                (
                    [0] => Array
                        (
                            [id] => 683656ce9ad15530eb3b6754
                            [title] => Passport Travel Advisor Annual (NEW)
                            [image] => https://storage.googleapis.com/builder-preview/payment/product/product-placeholder.png
                            [price] => 1489
                            [quantity] => 1
                            [line_price] => 1489
                            [product_type] => one_time
                            [product_submission_type] => 1
                            [meta] => Array
                                (
                                    [product_id] => 68364006a8bec0391315a2bf
                                    [price_id] => 68364006a8bec0a71115a2d0
                                    [order_id] => 68371081c650762ed08ec07e
                                )

                        )

                    [1] => Array
                        (
                            [id] => 68365ca9eddfe147d4a281c9
                            [title] => Annual Affiliate Fee
                            [image] => https://storage.googleapis.com/builder-preview/payment/product/product-placeholder.png
                            [price] => 50
                            [quantity] => 1
                            [line_price] => 50
                            [product_type] => one_time
                            [product_submission_type] => 1
                            [meta] => Array
                                (
                                    [product_id] => 68364006a8bec0c7dd15a2c1
                                    [price_id] => 68364006a8bec00d3715a2d2
                                    [order_id] => 68371081c650762ed08ec07e
                                )

                        )

                )

            [customer] => Array
                (
                    [id] => TMPBeBtqDpVxnYBRPSVx
                    [first_name] => Test
                    [last_name] => order
                    [name] => Test order
                    [email] => testing_products@gmail.com
                    [phone] => +13044319778
                    [full_address] => house no 42 gulberg toba tak singh state punjab pakistan
                    [state] => Punjab
                    [city] => toba tak singh
                    [country] => PK
                    [postal_code] => 36300
                )

            [currency_code] => USD
            [currency_symbol] => $
            [total_cart_price] => 1539
            [has_discount] => 
            [total_discount] => 0
            [discount_code] => 
            [total_price] => 1539
        )

    [workflow] => Array
        (
            [id] => faaa195c-1bcb-477c-8028-1d7d89a313f7
            [name] => TEST
        )

    [triggerData] => Array
        (
        )

    [contact] => Array
        (
            [attributionSource] => Array
                (
                    [sessionSource] => Direct traffic
                    [url] => https://app.levartimarketingsystems.com/v2/preview/V8VhiU2V2vSAbxBYcWIe
                    [campaign] => 
                    [utmSource] => 
                    [utmMedium] => 
                    [utmContent] => 
                    [utmTerm] => 
                    [utmKeyword] => 
                    [utmMatchtype] => 
                    [referrer] => 
                    [gclid] => 
                    [userAgent] => Mozilla/5.0 (Windows NT 10.0; Win64; x64) AppleWebKit/537.36 (KHTML, like Gecko) Chrome/136.0.0.0 Safari/537.36
                    [ip] => 163.223.4.97
                    [gaClientId] => GA1.2.1420336292.1747869861
                    [medium] => order_form
                    [mediumId] => 72dcffb0-9f94-4abc-acaa-89f8b6d014d6
                    [adName] => 
                    [adGroupId] => 
                    [adId] => 
                    [gbraid] => 
                    [wbraid] => 
                )

            [lastAttributionSource] => Array
                (
                    [sessionSource] => Direct traffic
                    [url] => https://dashlifetravel.com/pass-us-travel-2446
                    [utmSource] => 
                    [utmMedium] => 
                    [utmContent] => 
                    [utmTerm] => 
                    [utmKeyword] => 
                    [utmMatchtype] => 
                    [referrer] => 
                    [gclid] => 
                    [userAgent] => Mozilla/5.0 (Windows NT 10.0; Win64; x64) AppleWebKit/537.36 (KHTML, like Gecko) Chrome/136.0.0.0 Safari/537.36
                    [ip] => 163.223.4.81
                    [gaClientId] => 
                    [medium] => order_form
                    [mediumId] => a4332cca-7fd5-4f38-a9e3-1775cf733069
                    [adName] => 
                    [adGroupId] => 
                    [adId] => 
                    [gbraid] => 
                    [wbraid] => 
                )

        )

    [attributionSource] => Array
        (
        )

    [customData] => Array
        (
            [order_source] => funnel
            [order_total] => 1539
        )

)

[2025-05-28 14:43:36] 📥 Incoming Payload => Array
(
    [Monthly or Annual] => 
    [Placeholder] => 
    [PersonDisplayID] => 
    [Join Date] => 
    [personId] => 
    [Contact Message] => 
    [Affiliate Display ID] => 
    [Affiliate Portal Link] => 
    [personTypeId] => 
    [Affiliate Link] => 
    [Affiliate Phone] => 
    [LinkID] => 19522903581
    [Subaccount ID] => 
    [Subscription ID] => 
    [Password] => umairshaukat278
    [Dream Destination] => test
    [contact_id] => TMPBeBtqDpVxnYBRPSVx
    [first_name] => Test
    [last_name] => order
    [full_name] => Test order
    [email] => testing_products@gmail.com
    [phone] => +13044319778
    [tags] => 
    [address1] => house no 42 gulberg toba tak singh state punjab pakistan
    [city] => toba tak singh
    [state] => Punjab
    [country] => PK
    [timezone] => Asia/Karachi
    [date_created] => 2025-05-22T01:08:14.227Z
    [postal_code] => 36300
    [date_of_birth] => 2025-05-15T00:00:00.000Z
    [contact_source] => test order page
    [full_address] => house no 42 gulberg toba tak singh state punjab pakistan, toba tak singh Punjab 36300
    [contact_type] => lead
    [location] => Array
        (
            [name] => Levarti Travel
            [address] => 2655 Ulmerton Road, #254
            [city] => Clearwater
            [state] => FL
            [country] => US
            [postalCode] => 33762
            [fullAddress] => 2655 Ulmerton Road, #254, Clearwater FL 33762
            [id] => BgC5ZRCPYCXFXQYCjR7y
        )

    [order] => Array
        (
            [line_item_global_product_ids] => Array
                (
                    [0] => 68364006a8bec0391315a2bf
                    [1] => 68364006a8bec0c7dd15a2c1
                )

            [ine_item_global_price_ids] => Array
                (
                    [0] => 68364006a8bec0a71115a2d0
                    [1] => 68364006a8bec00d3715a2d2
                )

            [line_item_funnel_product_ids] => Array
                (
                    [0] => 683656ce9ad15530eb3b6754
                    [1] => 68365ca9eddfe147d4a281c9
                )

            [line_item_product_submission_types] => Array
                (
                    [0] => 1
                    [1] => 1
                )

            [funnel_id] => ZUpA97sQFyZSZlFQIILb
            [source] => funnel
            [sub_source] => one_step_order_form
            [source_id] => ZUpA97sQFyZSZlFQIILb
            [meta] => Array
                (
                    [page_id] => pq1DHnogOg6Gam5KNy2U
                )

            [payment_gateway] => stripe
            [created_at] => 2025-05-28T13:32:49.537Z
            [created_on] => 28 May 2025
            [line_items] => Array
                (
                    [0] => Array
                        (
                            [id] => 683656ce9ad15530eb3b6754
                            [title] => Passport Travel Advisor Annual (NEW)
                            [image] => https://storage.googleapis.com/builder-preview/payment/product/product-placeholder.png
                            [price] => 1489
                            [quantity] => 1
                            [line_price] => 1489
                            [product_type] => one_time
                            [product_submission_type] => 1
                            [meta] => Array
                                (
                                    [product_id] => 68364006a8bec0391315a2bf
                                    [price_id] => 68364006a8bec0a71115a2d0
                                    [order_id] => 68371081c650762ed08ec07e
                                )

                        )

                    [1] => Array
                        (
                            [id] => 68365ca9eddfe147d4a281c9
                            [title] => Annual Affiliate Fee
                            [image] => https://storage.googleapis.com/builder-preview/payment/product/product-placeholder.png
                            [price] => 50
                            [quantity] => 1
                            [line_price] => 50
                            [product_type] => one_time
                            [product_submission_type] => 1
                            [meta] => Array
                                (
                                    [product_id] => 68364006a8bec0c7dd15a2c1
                                    [price_id] => 68364006a8bec00d3715a2d2
                                    [order_id] => 68371081c650762ed08ec07e
                                )

                        )

                )

            [customer] => Array
                (
                    [id] => TMPBeBtqDpVxnYBRPSVx
                    [first_name] => Test
                    [last_name] => order
                    [name] => Test order
                    [email] => testing_products@gmail.com
                    [phone] => +13044319778
                    [full_address] => house no 42 gulberg toba tak singh state punjab pakistan
                    [state] => Punjab
                    [city] => toba tak singh
                    [country] => PK
                    [postal_code] => 36300
                )

            [currency_code] => USD
            [currency_symbol] => $
            [total_cart_price] => 1539
            [has_discount] => 
            [total_discount] => 0
            [discount_code] => 
            [total_price] => 1539
        )

    [workflow] => Array
        (
            [id] => faaa195c-1bcb-477c-8028-1d7d89a313f7
            [name] => TEST
        )

    [triggerData] => Array
        (
        )

    [contact] => Array
        (
            [attributionSource] => Array
                (
                    [sessionSource] => Direct traffic
                    [url] => https://app.levartimarketingsystems.com/v2/preview/V8VhiU2V2vSAbxBYcWIe
                    [campaign] => 
                    [utmSource] => 
                    [utmMedium] => 
                    [utmContent] => 
                    [utmTerm] => 
                    [utmKeyword] => 
                    [utmMatchtype] => 
                    [referrer] => 
                    [gclid] => 
                    [userAgent] => Mozilla/5.0 (Windows NT 10.0; Win64; x64) AppleWebKit/537.36 (KHTML, like Gecko) Chrome/136.0.0.0 Safari/537.36
                    [ip] => 163.223.4.97
                    [gaClientId] => GA1.2.1420336292.1747869861
                    [medium] => order_form
                    [mediumId] => 72dcffb0-9f94-4abc-acaa-89f8b6d014d6
                    [adName] => 
                    [adGroupId] => 
                    [adId] => 
                    [gbraid] => 
                    [wbraid] => 
                )

            [lastAttributionSource] => Array
                (
                    [sessionSource] => Direct traffic
                    [url] => https://dashlifetravel.com/pass-us-travel-2446
                    [utmSource] => 
                    [utmMedium] => 
                    [utmContent] => 
                    [utmTerm] => 
                    [utmKeyword] => 
                    [utmMatchtype] => 
                    [referrer] => 
                    [gclid] => 
                    [userAgent] => Mozilla/5.0 (Windows NT 10.0; Win64; x64) AppleWebKit/537.36 (KHTML, like Gecko) Chrome/136.0.0.0 Safari/537.36
                    [ip] => 163.223.4.81
                    [gaClientId] => 
                    [medium] => order_form
                    [mediumId] => a4332cca-7fd5-4f38-a9e3-1775cf733069
                    [adName] => 
                    [adGroupId] => 
                    [adId] => 
                    [gbraid] => 
                    [wbraid] => 
                )

        )

    [attributionSource] => Array
        (
        )

    [customData] => Array
        (
            [order_source] => funnel
            [order_total] => 1539
        )

)

[2025-05-28 15:01:37] 📥 Incoming Payload => Array
(
    [Monthly or Annual] => 
    [Placeholder] => 
    [PersonDisplayID] => 
    [Join Date] => 
    [personId] => 
    [Contact Message] => 
    [Affiliate Display ID] => 
    [Affiliate Portal Link] => 
    [personTypeId] => 
    [Affiliate Link] => 
    [Affiliate Phone] => 
    [LinkID] => 19522903581
    [Subaccount ID] => 
    [Subscription ID] => 
    [Password] => umairshaukat278
    [Dream Destination] => test
    [contact_id] => TMPBeBtqDpVxnYBRPSVx
    [first_name] => Test
    [last_name] => order
    [full_name] => Test order
    [email] => testing_products@gmail.com
    [phone] => +13044319778
    [tags] => 
    [address1] => house no 42 gulberg toba tak singh state punjab pakistan
    [city] => toba tak singh
    [state] => Punjab
    [country] => PK
    [timezone] => Asia/Karachi
    [date_created] => 2025-05-22T01:08:14.227Z
    [postal_code] => 36300
    [date_of_birth] => 2025-05-15T00:00:00.000Z
    [contact_source] => test order page
    [full_address] => house no 42 gulberg toba tak singh state punjab pakistan, toba tak singh Punjab 36300
    [contact_type] => lead
    [location] => Array
        (
            [name] => Levarti Travel
            [address] => 2655 Ulmerton Road, #254
            [city] => Clearwater
            [state] => FL
            [country] => US
            [postalCode] => 33762
            [fullAddress] => 2655 Ulmerton Road, #254, Clearwater FL 33762
            [id] => BgC5ZRCPYCXFXQYCjR7y
        )

    [order] => Array
        (
            [line_item_global_product_ids] => Array
                (
                    [0] => 68364006a8bec0391315a2bf
                    [1] => 68364006a8bec0c7dd15a2c1
                )

            [ine_item_global_price_ids] => Array
                (
                    [0] => 68364006a8bec0a71115a2d0
                    [1] => 68364006a8bec00d3715a2d2
                )

            [line_item_funnel_product_ids] => Array
                (
                    [0] => 683656ce9ad15530eb3b6754
                    [1] => 68365ca9eddfe147d4a281c9
                )

            [line_item_product_submission_types] => Array
                (
                    [0] => 1
                    [1] => 1
                )

            [funnel_id] => ZUpA97sQFyZSZlFQIILb
            [source] => funnel
            [sub_source] => one_step_order_form
            [source_id] => ZUpA97sQFyZSZlFQIILb
            [meta] => Array
                (
                    [page_id] => pq1DHnogOg6Gam5KNy2U
                )

            [payment_gateway] => stripe
            [created_at] => 2025-05-28T13:32:49.537Z
            [created_on] => 28 May 2025
            [line_items] => Array
                (
                    [0] => Array
                        (
                            [id] => 683656ce9ad15530eb3b6754
                            [title] => Passport Travel Advisor Annual (NEW)
                            [image] => https://storage.googleapis.com/builder-preview/payment/product/product-placeholder.png
                            [price] => 1489
                            [quantity] => 1
                            [line_price] => 1489
                            [product_type] => one_time
                            [product_submission_type] => 1
                            [meta] => Array
                                (
                                    [product_id] => 68364006a8bec0391315a2bf
                                    [price_id] => 68364006a8bec0a71115a2d0
                                    [order_id] => 68371081c650762ed08ec07e
                                )

                        )

                    [1] => Array
                        (
                            [id] => 68365ca9eddfe147d4a281c9
                            [title] => Annual Affiliate Fee
                            [image] => https://storage.googleapis.com/builder-preview/payment/product/product-placeholder.png
                            [price] => 50
                            [quantity] => 1
                            [line_price] => 50
                            [product_type] => one_time
                            [product_submission_type] => 1
                            [meta] => Array
                                (
                                    [product_id] => 68364006a8bec0c7dd15a2c1
                                    [price_id] => 68364006a8bec00d3715a2d2
                                    [order_id] => 68371081c650762ed08ec07e
                                )

                        )

                )

            [customer] => Array
                (
                    [id] => TMPBeBtqDpVxnYBRPSVx
                    [first_name] => Test
                    [last_name] => order
                    [name] => Test order
                    [email] => testing_products@gmail.com
                    [phone] => +13044319778
                    [full_address] => house no 42 gulberg toba tak singh state punjab pakistan
                    [state] => Punjab
                    [city] => toba tak singh
                    [country] => PK
                    [postal_code] => 36300
                )

            [currency_code] => USD
            [currency_symbol] => $
            [total_cart_price] => 1539
            [has_discount] => 
            [total_discount] => 0
            [discount_code] => 
            [total_price] => 1539
        )

    [workflow] => Array
        (
            [id] => faaa195c-1bcb-477c-8028-1d7d89a313f7
            [name] => TEST
        )

    [triggerData] => Array
        (
        )

    [contact] => Array
        (
            [attributionSource] => Array
                (
                    [sessionSource] => Direct traffic
                    [url] => https://app.levartimarketingsystems.com/v2/preview/V8VhiU2V2vSAbxBYcWIe
                    [campaign] => 
                    [utmSource] => 
                    [utmMedium] => 
                    [utmContent] => 
                    [utmTerm] => 
                    [utmKeyword] => 
                    [utmMatchtype] => 
                    [referrer] => 
                    [gclid] => 
                    [userAgent] => Mozilla/5.0 (Windows NT 10.0; Win64; x64) AppleWebKit/537.36 (KHTML, like Gecko) Chrome/136.0.0.0 Safari/537.36
                    [ip] => 163.223.4.97
                    [gaClientId] => GA1.2.1420336292.1747869861
                    [medium] => order_form
                    [mediumId] => 72dcffb0-9f94-4abc-acaa-89f8b6d014d6
                    [adName] => 
                    [adGroupId] => 
                    [adId] => 
                    [gbraid] => 
                    [wbraid] => 
                )

            [lastAttributionSource] => Array
                (
                    [sessionSource] => Direct traffic
                    [url] => https://dashlifetravel.com/pass-us-travel-2446
                    [utmSource] => 
                    [utmMedium] => 
                    [utmContent] => 
                    [utmTerm] => 
                    [utmKeyword] => 
                    [utmMatchtype] => 
                    [referrer] => 
                    [gclid] => 
                    [userAgent] => Mozilla/5.0 (Windows NT 10.0; Win64; x64) AppleWebKit/537.36 (KHTML, like Gecko) Chrome/136.0.0.0 Safari/537.36
                    [ip] => 163.223.4.81
                    [gaClientId] => 
                    [medium] => order_form
                    [mediumId] => a4332cca-7fd5-4f38-a9e3-1775cf733069
                    [adName] => 
                    [adGroupId] => 
                    [adId] => 
                    [gbraid] => 
                    [wbraid] => 
                )

        )

    [attributionSource] => Array
        (
        )

    [customData] => Array
        (
            [order_source] => funnel
            [order_total] => 1539
        )

)

[2025-05-28 15:02:29] 📥 Incoming Payload => Array
(
    [Monthly or Annual] => 
    [Placeholder] => 
    [PersonDisplayID] => 
    [Join Date] => 
    [personId] => 
    [Contact Message] => 
    [Affiliate Display ID] => 
    [Affiliate Portal Link] => 
    [personTypeId] => 
    [Affiliate Link] => 
    [Affiliate Phone] => 
    [LinkID] => 19522903581
    [Subaccount ID] => 
    [Subscription ID] => 
    [Password] => umairshaukat278
    [Dream Destination] => test
    [contact_id] => TMPBeBtqDpVxnYBRPSVx
    [first_name] => Test
    [last_name] => order
    [full_name] => Test order
    [email] => testing_products@gmail.com
    [phone] => +13044319778
    [tags] => 
    [address1] => house no 42 gulberg toba tak singh state punjab pakistan
    [city] => toba tak singh
    [state] => Punjab
    [country] => PK
    [timezone] => Asia/Karachi
    [date_created] => 2025-05-22T01:08:14.227Z
    [postal_code] => 36300
    [date_of_birth] => 2025-05-15T00:00:00.000Z
    [contact_source] => test order page
    [full_address] => house no 42 gulberg toba tak singh state punjab pakistan, toba tak singh Punjab 36300
    [contact_type] => lead
    [location] => Array
        (
            [name] => Levarti Travel
            [address] => 2655 Ulmerton Road, #254
            [city] => Clearwater
            [state] => FL
            [country] => US
            [postalCode] => 33762
            [fullAddress] => 2655 Ulmerton Road, #254, Clearwater FL 33762
            [id] => BgC5ZRCPYCXFXQYCjR7y
        )

    [order] => Array
        (
            [line_item_global_product_ids] => Array
                (
                    [0] => 68364006a8bec0391315a2bf
                    [1] => 68364006a8bec0c7dd15a2c1
                )

            [ine_item_global_price_ids] => Array
                (
                    [0] => 68364006a8bec0a71115a2d0
                    [1] => 68364006a8bec00d3715a2d2
                )

            [line_item_funnel_product_ids] => Array
                (
                    [0] => 683656ce9ad15530eb3b6754
                    [1] => 68365ca9eddfe147d4a281c9
                )

            [line_item_product_submission_types] => Array
                (
                    [0] => 1
                    [1] => 1
                )

            [funnel_id] => ZUpA97sQFyZSZlFQIILb
            [source] => funnel
            [sub_source] => one_step_order_form
            [source_id] => ZUpA97sQFyZSZlFQIILb
            [meta] => Array
                (
                    [page_id] => pq1DHnogOg6Gam5KNy2U
                )

            [payment_gateway] => stripe
            [created_at] => 2025-05-28T13:32:49.537Z
            [created_on] => 28 May 2025
            [line_items] => Array
                (
                    [0] => Array
                        (
                            [id] => 683656ce9ad15530eb3b6754
                            [title] => Passport Travel Advisor Annual (NEW)
                            [image] => https://storage.googleapis.com/builder-preview/payment/product/product-placeholder.png
                            [price] => 1489
                            [quantity] => 1
                            [line_price] => 1489
                            [product_type] => one_time
                            [product_submission_type] => 1
                            [meta] => Array
                                (
                                    [product_id] => 68364006a8bec0391315a2bf
                                    [price_id] => 68364006a8bec0a71115a2d0
                                    [order_id] => 68371081c650762ed08ec07e
                                )

                        )

                    [1] => Array
                        (
                            [id] => 68365ca9eddfe147d4a281c9
                            [title] => Annual Affiliate Fee
                            [image] => https://storage.googleapis.com/builder-preview/payment/product/product-placeholder.png
                            [price] => 50
                            [quantity] => 1
                            [line_price] => 50
                            [product_type] => one_time
                            [product_submission_type] => 1
                            [meta] => Array
                                (
                                    [product_id] => 68364006a8bec0c7dd15a2c1
                                    [price_id] => 68364006a8bec00d3715a2d2
                                    [order_id] => 68371081c650762ed08ec07e
                                )

                        )

                )

            [customer] => Array
                (
                    [id] => TMPBeBtqDpVxnYBRPSVx
                    [first_name] => Test
                    [last_name] => order
                    [name] => Test order
                    [email] => testing_products@gmail.com
                    [phone] => +13044319778
                    [full_address] => house no 42 gulberg toba tak singh state punjab pakistan
                    [state] => Punjab
                    [city] => toba tak singh
                    [country] => PK
                    [postal_code] => 36300
                )

            [currency_code] => USD
            [currency_symbol] => $
            [total_cart_price] => 1539
            [has_discount] => 
            [total_discount] => 0
            [discount_code] => 
            [total_price] => 1539
        )

    [workflow] => Array
        (
            [id] => faaa195c-1bcb-477c-8028-1d7d89a313f7
            [name] => TEST
        )

    [triggerData] => Array
        (
        )

    [contact] => Array
        (
            [attributionSource] => Array
                (
                    [sessionSource] => Direct traffic
                    [url] => https://app.levartimarketingsystems.com/v2/preview/V8VhiU2V2vSAbxBYcWIe
                    [campaign] => 
                    [utmSource] => 
                    [utmMedium] => 
                    [utmContent] => 
                    [utmTerm] => 
                    [utmKeyword] => 
                    [utmMatchtype] => 
                    [referrer] => 
                    [gclid] => 
                    [userAgent] => Mozilla/5.0 (Windows NT 10.0; Win64; x64) AppleWebKit/537.36 (KHTML, like Gecko) Chrome/136.0.0.0 Safari/537.36
                    [ip] => 163.223.4.97
                    [gaClientId] => GA1.2.1420336292.1747869861
                    [medium] => order_form
                    [mediumId] => 72dcffb0-9f94-4abc-acaa-89f8b6d014d6
                    [adName] => 
                    [adGroupId] => 
                    [adId] => 
                    [gbraid] => 
                    [wbraid] => 
                )

            [lastAttributionSource] => Array
                (
                    [sessionSource] => Direct traffic
                    [url] => https://dashlifetravel.com/pass-us-travel-2446
                    [utmSource] => 
                    [utmMedium] => 
                    [utmContent] => 
                    [utmTerm] => 
                    [utmKeyword] => 
                    [utmMatchtype] => 
                    [referrer] => 
                    [gclid] => 
                    [userAgent] => Mozilla/5.0 (Windows NT 10.0; Win64; x64) AppleWebKit/537.36 (KHTML, like Gecko) Chrome/136.0.0.0 Safari/537.36
                    [ip] => 163.223.4.81
                    [gaClientId] => 
                    [medium] => order_form
                    [mediumId] => a4332cca-7fd5-4f38-a9e3-1775cf733069
                    [adName] => 
                    [adGroupId] => 
                    [adId] => 
                    [gbraid] => 
                    [wbraid] => 
                )

        )

    [attributionSource] => Array
        (
        )

    [customData] => Array
        (
            [order_source] => funnel
            [order_total] => 1539
        )

)

[2025-05-28 15:02:58] 📥 Incoming Payload => Array
(
    [Monthly or Annual] => 
    [Placeholder] => 
    [PersonDisplayID] => 
    [Join Date] => 
    [personId] => 
    [Contact Message] => 
    [Affiliate Display ID] => 
    [Affiliate Portal Link] => 
    [personTypeId] => 
    [Affiliate Link] => 
    [Affiliate Phone] => 
    [LinkID] => 19522903581
    [Subaccount ID] => 
    [Subscription ID] => 
    [Password] => umairshaukat278
    [Dream Destination] => test
    [contact_id] => TMPBeBtqDpVxnYBRPSVx
    [first_name] => Test
    [last_name] => order
    [full_name] => Test order
    [email] => testing_products@gmail.com
    [phone] => +13044319778
    [tags] => 
    [address1] => house no 42 gulberg toba tak singh state punjab pakistan
    [city] => toba tak singh
    [state] => Punjab
    [country] => PK
    [timezone] => Asia/Karachi
    [date_created] => 2025-05-22T01:08:14.227Z
    [postal_code] => 36300
    [date_of_birth] => 2025-05-15T00:00:00.000Z
    [contact_source] => test order page
    [full_address] => house no 42 gulberg toba tak singh state punjab pakistan, toba tak singh Punjab 36300
    [contact_type] => lead
    [location] => Array
        (
            [name] => Levarti Travel
            [address] => 2655 Ulmerton Road, #254
            [city] => Clearwater
            [state] => FL
            [country] => US
            [postalCode] => 33762
            [fullAddress] => 2655 Ulmerton Road, #254, Clearwater FL 33762
            [id] => BgC5ZRCPYCXFXQYCjR7y
        )

    [order] => Array
        (
            [line_item_global_product_ids] => Array
                (
                    [0] => 68364006a8bec0391315a2bf
                    [1] => 68364006a8bec0c7dd15a2c1
                )

            [ine_item_global_price_ids] => Array
                (
                    [0] => 68364006a8bec0a71115a2d0
                    [1] => 68364006a8bec00d3715a2d2
                )

            [line_item_funnel_product_ids] => Array
                (
                    [0] => 683656ce9ad15530eb3b6754
                    [1] => 68365ca9eddfe147d4a281c9
                )

            [line_item_product_submission_types] => Array
                (
                    [0] => 1
                    [1] => 1
                )

            [funnel_id] => ZUpA97sQFyZSZlFQIILb
            [source] => funnel
            [sub_source] => one_step_order_form
            [source_id] => ZUpA97sQFyZSZlFQIILb
            [meta] => Array
                (
                    [page_id] => pq1DHnogOg6Gam5KNy2U
                )

            [payment_gateway] => stripe
            [created_at] => 2025-05-28T13:32:49.537Z
            [created_on] => 28 May 2025
            [line_items] => Array
                (
                    [0] => Array
                        (
                            [id] => 683656ce9ad15530eb3b6754
                            [title] => Passport Travel Advisor Annual (NEW)
                            [image] => https://storage.googleapis.com/builder-preview/payment/product/product-placeholder.png
                            [price] => 1489
                            [quantity] => 1
                            [line_price] => 1489
                            [product_type] => one_time
                            [product_submission_type] => 1
                            [meta] => Array
                                (
                                    [product_id] => 68364006a8bec0391315a2bf
                                    [price_id] => 68364006a8bec0a71115a2d0
                                    [order_id] => 68371081c650762ed08ec07e
                                )

                        )

                    [1] => Array
                        (
                            [id] => 68365ca9eddfe147d4a281c9
                            [title] => Annual Affiliate Fee
                            [image] => https://storage.googleapis.com/builder-preview/payment/product/product-placeholder.png
                            [price] => 50
                            [quantity] => 1
                            [line_price] => 50
                            [product_type] => one_time
                            [product_submission_type] => 1
                            [meta] => Array
                                (
                                    [product_id] => 68364006a8bec0c7dd15a2c1
                                    [price_id] => 68364006a8bec00d3715a2d2
                                    [order_id] => 68371081c650762ed08ec07e
                                )

                        )

                )

            [customer] => Array
                (
                    [id] => TMPBeBtqDpVxnYBRPSVx
                    [first_name] => Test
                    [last_name] => order
                    [name] => Test order
                    [email] => testing_products@gmail.com
                    [phone] => +13044319778
                    [full_address] => house no 42 gulberg toba tak singh state punjab pakistan
                    [state] => Punjab
                    [city] => toba tak singh
                    [country] => PK
                    [postal_code] => 36300
                )

            [currency_code] => USD
            [currency_symbol] => $
            [total_cart_price] => 1539
            [has_discount] => 
            [total_discount] => 0
            [discount_code] => 
            [total_price] => 1539
        )

    [workflow] => Array
        (
            [id] => faaa195c-1bcb-477c-8028-1d7d89a313f7
            [name] => TEST
        )

    [triggerData] => Array
        (
        )

    [contact] => Array
        (
            [attributionSource] => Array
                (
                    [sessionSource] => Direct traffic
                    [url] => https://app.levartimarketingsystems.com/v2/preview/V8VhiU2V2vSAbxBYcWIe
                    [campaign] => 
                    [utmSource] => 
                    [utmMedium] => 
                    [utmContent] => 
                    [utmTerm] => 
                    [utmKeyword] => 
                    [utmMatchtype] => 
                    [referrer] => 
                    [gclid] => 
                    [userAgent] => Mozilla/5.0 (Windows NT 10.0; Win64; x64) AppleWebKit/537.36 (KHTML, like Gecko) Chrome/136.0.0.0 Safari/537.36
                    [ip] => 163.223.4.97
                    [gaClientId] => GA1.2.1420336292.1747869861
                    [medium] => order_form
                    [mediumId] => 72dcffb0-9f94-4abc-acaa-89f8b6d014d6
                    [adName] => 
                    [adGroupId] => 
                    [adId] => 
                    [gbraid] => 
                    [wbraid] => 
                )

            [lastAttributionSource] => Array
                (
                    [sessionSource] => Direct traffic
                    [url] => https://dashlifetravel.com/pass-us-travel-2446
                    [utmSource] => 
                    [utmMedium] => 
                    [utmContent] => 
                    [utmTerm] => 
                    [utmKeyword] => 
                    [utmMatchtype] => 
                    [referrer] => 
                    [gclid] => 
                    [userAgent] => Mozilla/5.0 (Windows NT 10.0; Win64; x64) AppleWebKit/537.36 (KHTML, like Gecko) Chrome/136.0.0.0 Safari/537.36
                    [ip] => 163.223.4.81
                    [gaClientId] => 
                    [medium] => order_form
                    [mediumId] => a4332cca-7fd5-4f38-a9e3-1775cf733069
                    [adName] => 
                    [adGroupId] => 
                    [adId] => 
                    [gbraid] => 
                    [wbraid] => 
                )

        )

    [attributionSource] => Array
        (
        )

    [customData] => Array
        (
            [order_source] => funnel
            [order_total] => 1539
        )

)

[2025-05-28 15:04:06] 📥 Incoming Payload => Array
(
    [Monthly or Annual] => 
    [Placeholder] => 
    [PersonDisplayID] => 
    [Join Date] => 
    [personId] => 
    [Contact Message] => 
    [Affiliate Display ID] => 
    [Affiliate Portal Link] => 
    [personTypeId] => 
    [Affiliate Link] => 
    [Affiliate Phone] => 
    [LinkID] => 19522903581
    [Subaccount ID] => 
    [Subscription ID] => 
    [Password] => umairshaukat278
    [Dream Destination] => test
    [contact_id] => TMPBeBtqDpVxnYBRPSVx
    [first_name] => Test
    [last_name] => order
    [full_name] => Test order
    [email] => testing_products@gmail.com
    [phone] => +13044319778
    [tags] => 
    [address1] => house no 42 gulberg toba tak singh state punjab pakistan
    [city] => toba tak singh
    [state] => Punjab
    [country] => PK
    [timezone] => Asia/Karachi
    [date_created] => 2025-05-22T01:08:14.227Z
    [postal_code] => 36300
    [date_of_birth] => 2025-05-15T00:00:00.000Z
    [contact_source] => test order page
    [full_address] => house no 42 gulberg toba tak singh state punjab pakistan, toba tak singh Punjab 36300
    [contact_type] => lead
    [location] => Array
        (
            [name] => Levarti Travel
            [address] => 2655 Ulmerton Road, #254
            [city] => Clearwater
            [state] => FL
            [country] => US
            [postalCode] => 33762
            [fullAddress] => 2655 Ulmerton Road, #254, Clearwater FL 33762
            [id] => BgC5ZRCPYCXFXQYCjR7y
        )

    [order] => Array
        (
            [line_item_global_product_ids] => Array
                (
                    [0] => 68364006a8bec0391315a2bf
                    [1] => 68364006a8bec0c7dd15a2c1
                )

            [ine_item_global_price_ids] => Array
                (
                    [0] => 68364006a8bec0a71115a2d0
                    [1] => 68364006a8bec00d3715a2d2
                )

            [line_item_funnel_product_ids] => Array
                (
                    [0] => 683656ce9ad15530eb3b6754
                    [1] => 68365ca9eddfe147d4a281c9
                )

            [line_item_product_submission_types] => Array
                (
                    [0] => 1
                    [1] => 1
                )

            [funnel_id] => ZUpA97sQFyZSZlFQIILb
            [source] => funnel
            [sub_source] => one_step_order_form
            [source_id] => ZUpA97sQFyZSZlFQIILb
            [meta] => Array
                (
                    [page_id] => pq1DHnogOg6Gam5KNy2U
                )

            [payment_gateway] => stripe
            [created_at] => 2025-05-28T13:32:49.537Z
            [created_on] => 28 May 2025
            [line_items] => Array
                (
                    [0] => Array
                        (
                            [id] => 683656ce9ad15530eb3b6754
                            [title] => Passport Travel Advisor Annual (NEW)
                            [image] => https://storage.googleapis.com/builder-preview/payment/product/product-placeholder.png
                            [price] => 1489
                            [quantity] => 1
                            [line_price] => 1489
                            [product_type] => one_time
                            [product_submission_type] => 1
                            [meta] => Array
                                (
                                    [product_id] => 68364006a8bec0391315a2bf
                                    [price_id] => 68364006a8bec0a71115a2d0
                                    [order_id] => 68371081c650762ed08ec07e
                                )

                        )

                    [1] => Array
                        (
                            [id] => 68365ca9eddfe147d4a281c9
                            [title] => Annual Affiliate Fee
                            [image] => https://storage.googleapis.com/builder-preview/payment/product/product-placeholder.png
                            [price] => 50
                            [quantity] => 1
                            [line_price] => 50
                            [product_type] => one_time
                            [product_submission_type] => 1
                            [meta] => Array
                                (
                                    [product_id] => 68364006a8bec0c7dd15a2c1
                                    [price_id] => 68364006a8bec00d3715a2d2
                                    [order_id] => 68371081c650762ed08ec07e
                                )

                        )

                )

            [customer] => Array
                (
                    [id] => TMPBeBtqDpVxnYBRPSVx
                    [first_name] => Test
                    [last_name] => order
                    [name] => Test order
                    [email] => testing_products@gmail.com
                    [phone] => +13044319778
                    [full_address] => house no 42 gulberg toba tak singh state punjab pakistan
                    [state] => Punjab
                    [city] => toba tak singh
                    [country] => PK
                    [postal_code] => 36300
                )

            [currency_code] => USD
            [currency_symbol] => $
            [total_cart_price] => 1539
            [has_discount] => 
            [total_discount] => 0
            [discount_code] => 
            [total_price] => 1539
        )

    [workflow] => Array
        (
            [id] => faaa195c-1bcb-477c-8028-1d7d89a313f7
            [name] => TEST
        )

    [triggerData] => Array
        (
        )

    [contact] => Array
        (
            [attributionSource] => Array
                (
                    [sessionSource] => Direct traffic
                    [url] => https://app.levartimarketingsystems.com/v2/preview/V8VhiU2V2vSAbxBYcWIe
                    [campaign] => 
                    [utmSource] => 
                    [utmMedium] => 
                    [utmContent] => 
                    [utmTerm] => 
                    [utmKeyword] => 
                    [utmMatchtype] => 
                    [referrer] => 
                    [gclid] => 
                    [userAgent] => Mozilla/5.0 (Windows NT 10.0; Win64; x64) AppleWebKit/537.36 (KHTML, like Gecko) Chrome/136.0.0.0 Safari/537.36
                    [ip] => 163.223.4.97
                    [gaClientId] => GA1.2.1420336292.1747869861
                    [medium] => order_form
                    [mediumId] => 72dcffb0-9f94-4abc-acaa-89f8b6d014d6
                    [adName] => 
                    [adGroupId] => 
                    [adId] => 
                    [gbraid] => 
                    [wbraid] => 
                )

            [lastAttributionSource] => Array
                (
                    [sessionSource] => Direct traffic
                    [url] => https://dashlifetravel.com/pass-us-travel-2446
                    [utmSource] => 
                    [utmMedium] => 
                    [utmContent] => 
                    [utmTerm] => 
                    [utmKeyword] => 
                    [utmMatchtype] => 
                    [referrer] => 
                    [gclid] => 
                    [userAgent] => Mozilla/5.0 (Windows NT 10.0; Win64; x64) AppleWebKit/537.36 (KHTML, like Gecko) Chrome/136.0.0.0 Safari/537.36
                    [ip] => 163.223.4.81
                    [gaClientId] => 
                    [medium] => order_form
                    [mediumId] => a4332cca-7fd5-4f38-a9e3-1775cf733069
                    [adName] => 
                    [adGroupId] => 
                    [adId] => 
                    [gbraid] => 
                    [wbraid] => 
                )

        )

    [attributionSource] => Array
        (
        )

    [customData] => Array
        (
            [order_source] => funnel
            [order_total] => 1539
        )

)

[2025-05-28 15:04:06] ✅ Order and items saved => Array
(
    [orderId] => 12346
)

[2025-05-28 15:04:06] 🔍 Checking if customer exists: https://api.pillarshub.com/api/v1/Customers/TMPBeBtqDpVxnYBRPSVx
[2025-05-28 15:11:16] 📥 Incoming Payload => Array
(
    [Monthly or Annual] => 
    [Placeholder] => 
    [PersonDisplayID] => 
    [Join Date] => 
    [personId] => 
    [Contact Message] => 
    [Affiliate Display ID] => 
    [Affiliate Portal Link] => 
    [personTypeId] => 
    [Affiliate Link] => 
    [Affiliate Phone] => 
    [LinkID] => 19522903581
    [Subaccount ID] => 
    [Subscription ID] => 
    [Password] => umairshaukat278
    [Dream Destination] => test
    [contact_id] => TMPBeBtqDpVxnYBRPSVx
    [first_name] => Test
    [last_name] => order
    [full_name] => Test order
    [email] => testing_products@gmail.com
    [phone] => +13044319778
    [tags] => 
    [address1] => house no 42 gulberg toba tak singh state punjab pakistan
    [city] => toba tak singh
    [state] => Punjab
    [country] => PK
    [timezone] => Asia/Karachi
    [date_created] => 2025-05-22T01:08:14.227Z
    [postal_code] => 36300
    [date_of_birth] => 2025-05-15T00:00:00.000Z
    [contact_source] => test order page
    [full_address] => house no 42 gulberg toba tak singh state punjab pakistan, toba tak singh Punjab 36300
    [contact_type] => lead
    [location] => Array
        (
            [name] => Levarti Travel
            [address] => 2655 Ulmerton Road, #254
            [city] => Clearwater
            [state] => FL
            [country] => US
            [postalCode] => 33762
            [fullAddress] => 2655 Ulmerton Road, #254, Clearwater FL 33762
            [id] => BgC5ZRCPYCXFXQYCjR7y
        )

    [order] => Array
        (
            [line_item_global_product_ids] => Array
                (
                    [0] => 68364006a8bec0391315a2bf
                    [1] => 68364006a8bec0c7dd15a2c1
                )

            [ine_item_global_price_ids] => Array
                (
                    [0] => 68364006a8bec0a71115a2d0
                    [1] => 68364006a8bec00d3715a2d2
                )

            [line_item_funnel_product_ids] => Array
                (
                    [0] => 683656ce9ad15530eb3b6754
                    [1] => 68365ca9eddfe147d4a281c9
                )

            [line_item_product_submission_types] => Array
                (
                    [0] => 1
                    [1] => 1
                )

            [funnel_id] => ZUpA97sQFyZSZlFQIILb
            [source] => funnel
            [sub_source] => one_step_order_form
            [source_id] => ZUpA97sQFyZSZlFQIILb
            [meta] => Array
                (
                    [page_id] => pq1DHnogOg6Gam5KNy2U
                )

            [payment_gateway] => stripe
            [created_at] => 2025-05-28T13:32:49.537Z
            [created_on] => 28 May 2025
            [line_items] => Array
                (
                    [0] => Array
                        (
                            [id] => 683656ce9ad15530eb3b6754
                            [title] => Passport Travel Advisor Annual (NEW)
                            [image] => https://storage.googleapis.com/builder-preview/payment/product/product-placeholder.png
                            [price] => 1489
                            [quantity] => 1
                            [line_price] => 1489
                            [product_type] => one_time
                            [product_submission_type] => 1
                            [meta] => Array
                                (
                                    [product_id] => 68364006a8bec0391315a2bf
                                    [price_id] => 68364006a8bec0a71115a2d0
                                    [order_id] => 68371081c650762ed08ec07e
                                )

                        )

                    [1] => Array
                        (
                            [id] => 68365ca9eddfe147d4a281c9
                            [title] => Annual Affiliate Fee
                            [image] => https://storage.googleapis.com/builder-preview/payment/product/product-placeholder.png
                            [price] => 50
                            [quantity] => 1
                            [line_price] => 50
                            [product_type] => one_time
                            [product_submission_type] => 1
                            [meta] => Array
                                (
                                    [product_id] => 68364006a8bec0c7dd15a2c1
                                    [price_id] => 68364006a8bec00d3715a2d2
                                    [order_id] => 68371081c650762ed08ec07e
                                )

                        )

                )

            [customer] => Array
                (
                    [id] => TMPBeBtqDpVxnYBRPSVx
                    [first_name] => Test
                    [last_name] => order
                    [name] => Test order
                    [email] => testing_products@gmail.com
                    [phone] => +13044319778
                    [full_address] => house no 42 gulberg toba tak singh state punjab pakistan
                    [state] => Punjab
                    [city] => toba tak singh
                    [country] => PK
                    [postal_code] => 36300
                )

            [currency_code] => USD
            [currency_symbol] => $
            [total_cart_price] => 1539
            [has_discount] => 
            [total_discount] => 0
            [discount_code] => 
            [total_price] => 1539
        )

    [workflow] => Array
        (
            [id] => faaa195c-1bcb-477c-8028-1d7d89a313f7
            [name] => TEST
        )

    [triggerData] => Array
        (
        )

    [contact] => Array
        (
            [attributionSource] => Array
                (
                    [sessionSource] => Direct traffic
                    [url] => https://app.levartimarketingsystems.com/v2/preview/V8VhiU2V2vSAbxBYcWIe
                    [campaign] => 
                    [utmSource] => 
                    [utmMedium] => 
                    [utmContent] => 
                    [utmTerm] => 
                    [utmKeyword] => 
                    [utmMatchtype] => 
                    [referrer] => 
                    [gclid] => 
                    [userAgent] => Mozilla/5.0 (Windows NT 10.0; Win64; x64) AppleWebKit/537.36 (KHTML, like Gecko) Chrome/136.0.0.0 Safari/537.36
                    [ip] => 163.223.4.97
                    [gaClientId] => GA1.2.1420336292.1747869861
                    [medium] => order_form
                    [mediumId] => 72dcffb0-9f94-4abc-acaa-89f8b6d014d6
                    [adName] => 
                    [adGroupId] => 
                    [adId] => 
                    [gbraid] => 
                    [wbraid] => 
                )

            [lastAttributionSource] => Array
                (
                    [sessionSource] => Direct traffic
                    [url] => https://dashlifetravel.com/pass-us-travel-2446
                    [utmSource] => 
                    [utmMedium] => 
                    [utmContent] => 
                    [utmTerm] => 
                    [utmKeyword] => 
                    [utmMatchtype] => 
                    [referrer] => 
                    [gclid] => 
                    [userAgent] => Mozilla/5.0 (Windows NT 10.0; Win64; x64) AppleWebKit/537.36 (KHTML, like Gecko) Chrome/136.0.0.0 Safari/537.36
                    [ip] => 163.223.4.81
                    [gaClientId] => 
                    [medium] => order_form
                    [mediumId] => a4332cca-7fd5-4f38-a9e3-1775cf733069
                    [adName] => 
                    [adGroupId] => 
                    [adId] => 
                    [gbraid] => 
                    [wbraid] => 
                )

        )

    [attributionSource] => Array
        (
        )

    [customData] => Array
        (
            [order_source] => funnel
            [order_total] => 1539
        )

)

[2025-05-28 15:11:16] ✅ Order and items saved => Array
(
    [orderId] => 12347
)

[2025-05-28 15:11:16] 🔍 Checking if customer exists: https://api.pillarshub.com/api/v1/Customers/TMPBeBtqDpVxnYBRPSVx
[2025-05-28 15:29:04] 📥 Incoming Payload => Array
(
    [Monthly or Annual] => 
    [Placeholder] => 
    [PersonDisplayID] => 
    [Join Date] => 
    [personId] => 
    [Contact Message] => 
    [Affiliate Display ID] => 
    [Affiliate Portal Link] => 
    [personTypeId] => 
    [Affiliate Link] => 
    [Affiliate Phone] => 
    [LinkID] => 19522903581
    [Subaccount ID] => 
    [Subscription ID] => 
    [Password] => umairshaukat278
    [Dream Destination] => test
    [contact_id] => TMPBeBtqDpVxnYBRPSVx
    [first_name] => Test
    [last_name] => order
    [full_name] => Test order
    [email] => testing_products@gmail.com
    [phone] => +13044319778
    [tags] => 
    [address1] => house no 42 gulberg toba tak singh state punjab pakistan
    [city] => toba tak singh
    [state] => Punjab
    [country] => PK
    [timezone] => Asia/Karachi
    [date_created] => 2025-05-22T01:08:14.227Z
    [postal_code] => 36300
    [date_of_birth] => 2025-05-15T00:00:00.000Z
    [contact_source] => test order page
    [full_address] => house no 42 gulberg toba tak singh state punjab pakistan, toba tak singh Punjab 36300
    [contact_type] => lead
    [location] => Array
        (
            [name] => Levarti Travel
            [address] => 2655 Ulmerton Road, #254
            [city] => Clearwater
            [state] => FL
            [country] => US
            [postalCode] => 33762
            [fullAddress] => 2655 Ulmerton Road, #254, Clearwater FL 33762
            [id] => BgC5ZRCPYCXFXQYCjR7y
        )

    [order] => Array
        (
            [line_item_global_product_ids] => Array
                (
                    [0] => 68364006a8bec0391315a2bf
                    [1] => 68364006a8bec0c7dd15a2c1
                )

            [ine_item_global_price_ids] => Array
                (
                    [0] => 68364006a8bec0a71115a2d0
                    [1] => 68364006a8bec00d3715a2d2
                )

            [line_item_funnel_product_ids] => Array
                (
                    [0] => 683656ce9ad15530eb3b6754
                    [1] => 68365ca9eddfe147d4a281c9
                )

            [line_item_product_submission_types] => Array
                (
                    [0] => 1
                    [1] => 1
                )

            [funnel_id] => ZUpA97sQFyZSZlFQIILb
            [source] => funnel
            [sub_source] => one_step_order_form
            [source_id] => ZUpA97sQFyZSZlFQIILb
            [meta] => Array
                (
                    [page_id] => pq1DHnogOg6Gam5KNy2U
                )

            [payment_gateway] => stripe
            [created_at] => 2025-05-28T13:32:49.537Z
            [created_on] => 28 May 2025
            [line_items] => Array
                (
                    [0] => Array
                        (
                            [id] => 683656ce9ad15530eb3b6754
                            [title] => Passport Travel Advisor Annual (NEW)
                            [image] => https://storage.googleapis.com/builder-preview/payment/product/product-placeholder.png
                            [price] => 1489
                            [quantity] => 1
                            [line_price] => 1489
                            [product_type] => one_time
                            [product_submission_type] => 1
                            [meta] => Array
                                (
                                    [product_id] => 68364006a8bec0391315a2bf
                                    [price_id] => 68364006a8bec0a71115a2d0
                                    [order_id] => 68371081c650762ed08ec07e
                                )

                        )

                    [1] => Array
                        (
                            [id] => 68365ca9eddfe147d4a281c9
                            [title] => Annual Affiliate Fee
                            [image] => https://storage.googleapis.com/builder-preview/payment/product/product-placeholder.png
                            [price] => 50
                            [quantity] => 1
                            [line_price] => 50
                            [product_type] => one_time
                            [product_submission_type] => 1
                            [meta] => Array
                                (
                                    [product_id] => 68364006a8bec0c7dd15a2c1
                                    [price_id] => 68364006a8bec00d3715a2d2
                                    [order_id] => 68371081c650762ed08ec07e
                                )

                        )

                )

            [customer] => Array
                (
                    [id] => TMPBeBtqDpVxnYBRPSVx
                    [first_name] => Test
                    [last_name] => order
                    [name] => Test order
                    [email] => testing_products@gmail.com
                    [phone] => +13044319778
                    [full_address] => house no 42 gulberg toba tak singh state punjab pakistan
                    [state] => Punjab
                    [city] => toba tak singh
                    [country] => PK
                    [postal_code] => 36300
                )

            [currency_code] => USD
            [currency_symbol] => $
            [total_cart_price] => 1539
            [has_discount] => 
            [total_discount] => 0
            [discount_code] => 
            [total_price] => 1539
        )

    [workflow] => Array
        (
            [id] => faaa195c-1bcb-477c-8028-1d7d89a313f7
            [name] => TEST
        )

    [triggerData] => Array
        (
        )

    [contact] => Array
        (
            [attributionSource] => Array
                (
                    [sessionSource] => Direct traffic
                    [url] => https://app.levartimarketingsystems.com/v2/preview/V8VhiU2V2vSAbxBYcWIe
                    [campaign] => 
                    [utmSource] => 
                    [utmMedium] => 
                    [utmContent] => 
                    [utmTerm] => 
                    [utmKeyword] => 
                    [utmMatchtype] => 
                    [referrer] => 
                    [gclid] => 
                    [userAgent] => Mozilla/5.0 (Windows NT 10.0; Win64; x64) AppleWebKit/537.36 (KHTML, like Gecko) Chrome/136.0.0.0 Safari/537.36
                    [ip] => 163.223.4.97
                    [gaClientId] => GA1.2.1420336292.1747869861
                    [medium] => order_form
                    [mediumId] => 72dcffb0-9f94-4abc-acaa-89f8b6d014d6
                    [adName] => 
                    [adGroupId] => 
                    [adId] => 
                    [gbraid] => 
                    [wbraid] => 
                )

            [lastAttributionSource] => Array
                (
                    [sessionSource] => Direct traffic
                    [url] => https://dashlifetravel.com/pass-us-travel-2446
                    [utmSource] => 
                    [utmMedium] => 
                    [utmContent] => 
                    [utmTerm] => 
                    [utmKeyword] => 
                    [utmMatchtype] => 
                    [referrer] => 
                    [gclid] => 
                    [userAgent] => Mozilla/5.0 (Windows NT 10.0; Win64; x64) AppleWebKit/537.36 (KHTML, like Gecko) Chrome/136.0.0.0 Safari/537.36
                    [ip] => 163.223.4.81
                    [gaClientId] => 
                    [medium] => order_form
                    [mediumId] => a4332cca-7fd5-4f38-a9e3-1775cf733069
                    [adName] => 
                    [adGroupId] => 
                    [adId] => 
                    [gbraid] => 
                    [wbraid] => 
                )

        )

    [attributionSource] => Array
        (
        )

    [customData] => Array
        (
            [order_source] => funnel
            [order_total] => 1539
        )

)

[2025-05-28 15:29:04] ✅ Order and items saved => Array
(
    [orderId] => 12348
)

[2025-05-28 15:29:04] 🔍 Checking if customer exists: https://api.pillarshub.com/api/v1/Customers/TMPBeBtqDpVxnYBRPSVx
[2025-05-28 16:19:45] 📥 Incoming Payload => Array
(
    [Monthly or Annual] => 
    [Placeholder] => 
    [PersonDisplayID] => 
    [Join Date] => 
    [personId] => 
    [Contact Message] => 
    [Affiliate Display ID] => 
    [Affiliate Portal Link] => 
    [personTypeId] => 
    [Affiliate Link] => 
    [Affiliate Phone] => 
    [LinkID] => 19522903581
    [Subaccount ID] => 
    [Subscription ID] => 
    [Password] => umairshaukat278
    [Dream Destination] => test
    [contact_id] => TMPBeBtqDpVxnYBRPSVx
    [first_name] => Test
    [last_name] => order
    [full_name] => Test order
    [email] => testing_products@gmail.com
    [phone] => +13044319778
    [tags] => 
    [address1] => house no 42 gulberg toba tak singh state punjab pakistan
    [city] => toba tak singh
    [state] => Punjab
    [country] => PK
    [timezone] => Asia/Karachi
    [date_created] => 2025-05-22T01:08:14.227Z
    [postal_code] => 36300
    [date_of_birth] => 2025-05-01T00:00:00.000Z
    [contact_source] => test order page
    [full_address] => house no 42 gulberg toba tak singh state punjab pakistan, toba tak singh Punjab 36300
    [contact_type] => lead
    [location] => Array
        (
            [name] => Levarti Travel
            [address] => 2655 Ulmerton Road, #254
            [city] => Clearwater
            [state] => FL
            [country] => US
            [postalCode] => 33762
            [fullAddress] => 2655 Ulmerton Road, #254, Clearwater FL 33762
            [id] => BgC5ZRCPYCXFXQYCjR7y
        )

    [order] => Array
        (
            [line_item_global_product_ids] => Array
                (
                    [0] => 68364006a8bec0391315a2bf
                )

            [ine_item_global_price_ids] => Array
                (
                    [0] => 68364006a8bec0a71115a2d0
                )

            [line_item_funnel_product_ids] => Array
                (
                    [0] => 683656ce9ad15530eb3b6754
                )

            [line_item_product_submission_types] => Array
                (
                    [0] => 1
                )

            [funnel_id] => ZUpA97sQFyZSZlFQIILb
            [source] => funnel
            [sub_source] => one_step_order_form
            [source_id] => ZUpA97sQFyZSZlFQIILb
            [meta] => Array
                (
                    [page_id] => pq1DHnogOg6Gam5KNy2U
                )

            [payment_gateway] => stripe
            [created_at] => 2025-05-28T16:19:38.696Z
            [created_on] => 28 May 2025
            [line_items] => Array
                (
                    [0] => Array
                        (
                            [id] => 683656ce9ad15530eb3b6754
                            [title] => Passport Travel Advisor Annual (NEW)
                            [image] => https://storage.googleapis.com/builder-preview/payment/product/product-placeholder.png
                            [price] => 1489
                            [quantity] => 1
                            [line_price] => 1489
                            [product_type] => one_time
                            [product_submission_type] => 1
                            [meta] => Array
                                (
                                    [product_id] => 68364006a8bec0391315a2bf
                                    [price_id] => 68364006a8bec0a71115a2d0
                                    [order_id] => 6837379ad1c5435a951dcf06
                                )

                        )

                )

            [customer] => Array
                (
                    [id] => TMPBeBtqDpVxnYBRPSVx
                    [first_name] => Test
                    [last_name] => order
                    [name] => Test order
                    [email] => testing_products@gmail.com
                    [phone] => +13044319778
                    [full_address] => house no 42 gulberg toba tak singh state punjab pakistan
                    [state] => Punjab
                    [city] => toba tak singh
                    [country] => PK
                    [postal_code] => 36300
                )

            [currency_code] => USD
            [currency_symbol] => $
            [total_cart_price] => 1489
            [has_discount] => 
            [total_discount] => 0
            [discount_code] => 
            [total_price] => 1489
        )

    [workflow] => Array
        (
            [id] => faaa195c-1bcb-477c-8028-1d7d89a313f7
            [name] => TEST
        )

    [triggerData] => Array
        (
        )

    [contact] => Array
        (
            [attributionSource] => Array
                (
                    [sessionSource] => Direct traffic
                    [url] => https://app.levartimarketingsystems.com/v2/preview/V8VhiU2V2vSAbxBYcWIe
                    [campaign] => 
                    [utmSource] => 
                    [utmMedium] => 
                    [utmContent] => 
                    [utmTerm] => 
                    [utmKeyword] => 
                    [utmMatchtype] => 
                    [referrer] => 
                    [gclid] => 
                    [userAgent] => Mozilla/5.0 (Windows NT 10.0; Win64; x64) AppleWebKit/537.36 (KHTML, like Gecko) Chrome/136.0.0.0 Safari/537.36
                    [ip] => 163.223.4.97
                    [gaClientId] => GA1.2.1420336292.1747869861
                    [medium] => order_form
                    [mediumId] => 72dcffb0-9f94-4abc-acaa-89f8b6d014d6
                    [adName] => 
                    [adGroupId] => 
                    [adId] => 
                    [gbraid] => 
                    [wbraid] => 
                )

            [lastAttributionSource] => Array
                (
                    [sessionSource] => Direct traffic
                    [url] => https://dashlifetravel.com/pass-us-travel-2446
                    [utmSource] => 
                    [utmMedium] => 
                    [utmContent] => 
                    [utmTerm] => 
                    [utmKeyword] => 
                    [utmMatchtype] => 
                    [referrer] => 
                    [gclid] => 
                    [userAgent] => Mozilla/5.0 (Windows NT 10.0; Win64; x64) AppleWebKit/537.36 (KHTML, like Gecko) Chrome/136.0.0.0 Safari/537.36
                    [ip] => 163.223.4.81
                    [gaClientId] => 
                    [medium] => order_form
                    [mediumId] => a4332cca-7fd5-4f38-a9e3-1775cf733069
                    [adName] => 
                    [adGroupId] => 
                    [adId] => 
                    [gbraid] => 
                    [wbraid] => 
                )

        )

    [attributionSource] => Array
        (
        )

    [customData] => Array
        (
            [order_source] => funnel
            [order_total] => 1489
        )

)

[2025-05-28 16:19:46] ✅ Order and items saved => Array
(
    [orderId] => 12349
)

[2025-05-28 16:19:46] 🔍 Checking if customer exists: https://api.pillarshub.com/api/v1/Customers/TMPBeBtqDpVxnYBRPSVx
[2025-05-28 20:58:15] 📥 Incoming Payload => Array
(
    [Monthly or Annual] => 
    [Placeholder] => 
    [PersonDisplayID] => 
    [Join Date] => 
    [personId] => 
    [Contact Message] => 
    [Affiliate Display ID] => 
    [Affiliate Portal Link] => 
    [personTypeId] => 
    [Affiliate Link] => 
    [Affiliate Phone] => 
    [LinkID] => 
    [Subaccount ID] => 
    [Subscription ID] => 
    [Password] => sample123
    [Dream Destination] => Mars
    [contact_id] => h0mHDb1U1a8fGV3gyc5F
    [first_name] => Stan
    [last_name] => Smith
    [full_name] => Stan Smith
    [email] => johnwayneboston@gmail.com
    [tags] => 
    [address1] => 8 Saint Gregory Street
    [city] => Boston
    [state] => Massachusetts
    [country] => US
    [timezone] => America/New_York
    [date_created] => 2025-05-24T20:36:49.977Z
    [postal_code] => 02124
    [date_of_birth] => 1970-05-13T00:00:00.000Z
    [contact_source] => Passport Lite Offer Copy
    [full_address] => 8 Saint Gregory Street, Boston Massachusetts 02124
    [contact_type] => lead
    [location] => Array
        (
            [name] => Levarti Travel
            [address] => 2655 Ulmerton Road, #254
            [city] => Clearwater
            [state] => FL
            [country] => US
            [postalCode] => 33762
            [fullAddress] => 2655 Ulmerton Road, #254, Clearwater FL 33762
            [id] => BgC5ZRCPYCXFXQYCjR7y
        )

    [order] => Array
        (
            [line_item_global_product_ids] => Array
                (
                    [0] => 68364006a8bec0391315a2bf
                )

            [ine_item_global_price_ids] => Array
                (
                    [0] => 68364006a8bec0a71115a2d0
                )

            [line_item_funnel_product_ids] => Array
                (
                    [0] => 683656ce9ad15530eb3b6754
                )

            [line_item_product_submission_types] => Array
                (
                    [0] => 1
                )

            [funnel_id] => ZUpA97sQFyZSZlFQIILb
            [source] => funnel
            [sub_source] => one_step_order_form
            [source_id] => ZUpA97sQFyZSZlFQIILb
            [meta] => Array
                (
                    [page_id] => pq1DHnogOg6Gam5KNy2U
                )

            [payment_gateway] => stripe
            [created_at] => 2025-05-28T20:58:08.244Z
            [created_on] => 28 May 2025
            [line_items] => Array
                (
                    [0] => Array
                        (
                            [id] => 683656ce9ad15530eb3b6754
                            [title] => Passport Travel Advisor Annual (NEW)
                            [image] => https://storage.googleapis.com/builder-preview/payment/product/product-placeholder.png
                            [price] => 1489
                            [quantity] => 1
                            [line_price] => 1489
                            [product_type] => one_time
                            [product_submission_type] => 1
                            [meta] => Array
                                (
                                    [product_id] => 68364006a8bec0391315a2bf
                                    [price_id] => 68364006a8bec0a71115a2d0
                                    [order_id] => 683778e0307483d127021c2f
                                )

                        )

                )

            [customer] => Array
                (
                    [id] => h0mHDb1U1a8fGV3gyc5F
                    [first_name] => Stan
                    [last_name] => Smith
                    [name] => Stan Smith
                    [email] => johnwayneboston@gmail.com
                    [full_address] => 8 Saint Gregory Street
                    [state] => Massachusetts
                    [city] => Boston
                    [country] => US
                    [postal_code] => 02124
                )

            [currency_code] => USD
            [currency_symbol] => $
            [total_cart_price] => 1489
            [has_discount] => 
            [total_discount] => 0
            [discount_code] => 
            [total_price] => 1489
        )

    [workflow] => Array
        (
            [id] => faaa195c-1bcb-477c-8028-1d7d89a313f7
            [name] => TEST
        )

    [triggerData] => Array
        (
        )

    [contact] => Array
        (
            [attributionSource] => Array
                (
                    [sessionSource] => Direct traffic
                    [url] => https://dashlifetravel.com/
                    [campaign] => 
                    [utmSource] => 
                    [utmMedium] => 
                    [utmContent] => 
                    [utmTerm] => 
                    [utmKeyword] => 
                    [utmMatchtype] => 
                    [referrer] => 
                    [gclid] => 
                    [userAgent] => Mozilla/5.0 (Windows NT 10.0; Win64; x64) AppleWebKit/537.36 (KHTML, like Gecko) Chrome/136.0.0.0 Safari/537.36
                    [ip] => 2601:282:1985:1d20:ad62:f836:27b8:bdf9
                    [gaClientId] => 
                    [medium] => order_form
                    [mediumId] => cf654c82-1c0e-407d-921e-8c955c722217
                    [adName] => 
                    [adGroupId] => 
                    [adId] => 
                    [gbraid] => 
                    [wbraid] => 
                )

            [lastAttributionSource] => Array
                (
                    [sessionSource] => Referral
                    [url] => https://dashlifetravel.com/pass-us-travel-2446
                    [utmSource] => 
                    [utmMedium] => 
                    [utmContent] => 
                    [utmTerm] => 
                    [utmKeyword] => 
                    [utmMatchtype] => 
                    [referrer] => https://page-builder.leadconnectorhq.com
                    [gclid] => 
                    [userAgent] => Mozilla/5.0 (Windows NT 10.0; Win64; x64) AppleWebKit/537.36 (KHTML, like Gecko) Chrome/136.0.0.0 Safari/537.36
                    [ip] => 2601:282:1985:1d20:c510:4c4c:4712:d4cc
                    [gaClientId] => 
                    [medium] => order_form
                    [mediumId] => a4332cca-7fd5-4f38-a9e3-1775cf733069
                    [adName] => 
                    [adGroupId] => 
                    [adId] => 
                    [gbraid] => 
                    [wbraid] => 
                )

        )

    [attributionSource] => Array
        (
        )

    [customData] => Array
        (
            [order_source] => funnel
            [order_total] => 1489
        )

)

[2025-05-28 20:58:15] ✅ Order and items saved => Array
(
    [orderId] => 12350
)

[2025-05-28 20:58:15] 🔍 Checking if customer exists: https://api.pillarshub.com/api/v1/Customers/h0mHDb1U1a8fGV3gyc5F
[2025-05-29 00:50:04] 📥 Incoming Payload => Array
(
    [Monthly or Annual] => 
    [Placeholder] => 
    [PersonDisplayID] => 
    [Join Date] => 
    [personId] => 
    [Contact Message] => 
    [Affiliate Display ID] => 
    [Affiliate Portal Link] => 
    [personTypeId] => 
    [Affiliate Link] => 
    [Affiliate Phone] => 
    [LinkID] => 
    [Subaccount ID] => 
    [Subscription ID] => 
    [Password] => sample123
    [Dream Destination] => Mars
    [contact_id] => h0mHDb1U1a8fGV3gyc5F
    [first_name] => Aastan
    [last_name] => testsrc Second
    [full_name] => Aastan testsrc Second
    [email] => johnwayneboston@gmail.com
    [tags] => 
    [address1] => 8 Saint Gregory Street
    [city] => Boston
    [state] => Massachusetts
    [country] => US
    [timezone] => America/New_York
    [date_created] => 2025-05-24T20:36:49.977Z
    [postal_code] => 02124
    [date_of_birth] => 1970-05-13T00:00:00.000Z
    [contact_source] => Passport Lite Offer Copy
    [full_address] => 8 Saint Gregory Street, Boston Massachusetts 02124
    [contact_type] => lead
    [location] => Array
        (
            [name] => Levarti Travel
            [address] => 2655 Ulmerton Road, #254
            [city] => Clearwater
            [state] => FL
            [country] => US
            [postalCode] => 33762
            [fullAddress] => 2655 Ulmerton Road, #254, Clearwater FL 33762
            [id] => BgC5ZRCPYCXFXQYCjR7y
        )

    [order] => Array
        (
            [line_item_global_product_ids] => Array
                (
                    [0] => 68364006a8bec0391315a2bf
                    [1] => 68364006a8bec0c7dd15a2c1
                )

            [ine_item_global_price_ids] => Array
                (
                    [0] => 68364006a8bec0a71115a2d0
                    [1] => 68364006a8bec00d3715a2d2
                )

            [line_item_funnel_product_ids] => Array
                (
                    [0] => 683656ce9ad15530eb3b6754
                    [1] => 68365ca9eddfe147d4a281c9
                )

            [line_item_product_submission_types] => Array
                (
                    [0] => 1
                    [1] => 1
                )

            [funnel_id] => ZUpA97sQFyZSZlFQIILb
            [source] => funnel
            [sub_source] => one_step_order_form
            [source_id] => ZUpA97sQFyZSZlFQIILb
            [meta] => Array
                (
                    [page_id] => pq1DHnogOg6Gam5KNy2U
                )

            [payment_gateway] => stripe
            [created_at] => 2025-05-29T00:49:58.173Z
            [created_on] => 29 May 2025
            [line_items] => Array
                (
                    [0] => Array
                        (
                            [id] => 683656ce9ad15530eb3b6754
                            [title] => Passport Travel Advisor Annual (NEW)
                            [image] => https://storage.googleapis.com/builder-preview/payment/product/product-placeholder.png
                            [price] => 1489
                            [quantity] => 1
                            [line_price] => 1489
                            [product_type] => one_time
                            [product_submission_type] => 1
                            [meta] => Array
                                (
                                    [product_id] => 68364006a8bec0391315a2bf
                                    [price_id] => 68364006a8bec0a71115a2d0
                                    [order_id] => 6837af3649efc897bfac16ae
                                )

                        )

                    [1] => Array
                        (
                            [id] => 68365ca9eddfe147d4a281c9
                            [title] => Annual Affiliate Fee
                            [image] => https://storage.googleapis.com/builder-preview/payment/product/product-placeholder.png
                            [price] => 50
                            [quantity] => 1
                            [line_price] => 50
                            [product_type] => one_time
                            [product_submission_type] => 1
                            [meta] => Array
                                (
                                    [product_id] => 68364006a8bec0c7dd15a2c1
                                    [price_id] => 68364006a8bec00d3715a2d2
                                    [order_id] => 6837af3649efc897bfac16ae
                                )

                        )

                )

            [customer] => Array
                (
                    [id] => h0mHDb1U1a8fGV3gyc5F
                    [first_name] => Aastan
                    [last_name] => testsrc Second
                    [name] => Aastan testsrc Second
                    [email] => johnwayneboston@gmail.com
                    [full_address] => 8 Saint Gregory Street
                    [state] => Massachusetts
                    [city] => Boston
                    [country] => US
                    [postal_code] => 02124
                )

            [currency_code] => USD
            [currency_symbol] => $
            [total_cart_price] => 1539
            [has_discount] => 
            [total_discount] => 0
            [discount_code] => 
            [total_price] => 1539
        )

    [workflow] => Array
        (
            [id] => faaa195c-1bcb-477c-8028-1d7d89a313f7
            [name] => TEST
        )

    [triggerData] => Array
        (
        )

    [contact] => Array
        (
            [attributionSource] => Array
                (
                    [sessionSource] => Direct traffic
                    [url] => https://dashlifetravel.com/
                    [campaign] => 
                    [utmSource] => 
                    [utmMedium] => 
                    [utmContent] => 
                    [utmTerm] => 
                    [utmKeyword] => 
                    [utmMatchtype] => 
                    [referrer] => 
                    [gclid] => 
                    [userAgent] => Mozilla/5.0 (Windows NT 10.0; Win64; x64) AppleWebKit/537.36 (KHTML, like Gecko) Chrome/136.0.0.0 Safari/537.36
                    [ip] => 2601:282:1985:1d20:ad62:f836:27b8:bdf9
                    [gaClientId] => 
                    [medium] => order_form
                    [mediumId] => cf654c82-1c0e-407d-921e-8c955c722217
                    [adName] => 
                    [adGroupId] => 
                    [adId] => 
                    [gbraid] => 
                    [wbraid] => 
                )

            [lastAttributionSource] => Array
                (
                    [sessionSource] => Direct traffic
                    [url] => https://dashlifetravel.com/pass-us-travel-2446
                    [utmSource] => 
                    [utmMedium] => 
                    [utmContent] => 
                    [utmTerm] => 
                    [utmKeyword] => 
                    [utmMatchtype] => 
                    [referrer] => 
                    [gclid] => 
                    [userAgent] => Mozilla/5.0 (Windows NT 10.0; Win64; x64) AppleWebKit/537.36 (KHTML, like Gecko) Chrome/136.0.0.0 Safari/537.36
                    [ip] => 2601:282:1985:1d20:c510:4c4c:4712:d4cc
                    [gaClientId] => 
                    [medium] => order_form
                    [mediumId] => a4332cca-7fd5-4f38-a9e3-1775cf733069
                    [adName] => 
                    [adGroupId] => 
                    [adId] => 
                    [gbraid] => 
                    [wbraid] => 
                )

        )

    [attributionSource] => Array
        (
        )

    [customData] => Array
        (
            [order_source] => funnel
            [order_total] => 1539
        )

)

[2025-05-29 00:50:04] ✅ Order and items saved => Array
(
    [orderId] => 12351
)

[2025-05-29 00:50:04] 🔍 Checking if customer exists: https://api.pillarshub.com/api/v1/Customers/h0mHDb1U1a8fGV3gyc5F
[2025-05-29 16:25:14] 📥 Incoming Payload => Array
(
    [Monthly or Annual] => 
    [Placeholder] => 
    [PersonDisplayID] => 
    [Join Date] => 
    [personId] => 
    [Contact Message] => 
    [Affiliate Display ID] => 
    [Affiliate Portal Link] => 
    [personTypeId] => 
    [Affiliate Link] => 
    [Affiliate Phone] => 
    [LinkID] => 
    [Subaccount ID] => 
    [Subscription ID] => 
    [Password] => sample123
    [Dream Destination] => Mars
    [contact_id] => h0mHDb1U1a8fGV3gyc5F
    [first_name] => thursday
    [last_name] => thursday
    [full_name] => thursday thursday
    [email] => thursday@sample.com
    [tags] => 
    [address1] => 8 Saint Gregory Street
    [city] => Boston
    [state] => Massachusetts
    [country] => US
    [timezone] => America/New_York
    [date_created] => 2025-05-24T20:36:49.977Z
    [postal_code] => 02124
    [date_of_birth] => 1970-05-13T00:00:00.000Z
    [contact_source] => Passport Lite Offer Copy
    [full_address] => 8 Saint Gregory Street, Boston Massachusetts 02124
    [contact_type] => lead
    [location] => Array
        (
            [name] => Levarti Travel
            [address] => 2655 Ulmerton Road, #254
            [city] => Clearwater
            [state] => FL
            [country] => US
            [postalCode] => 33762
            [fullAddress] => 2655 Ulmerton Road, #254, Clearwater FL 33762
            [id] => BgC5ZRCPYCXFXQYCjR7y
        )

    [order] => Array
        (
            [line_item_global_product_ids] => Array
                (
                    [0] => 68364006a8bec0391315a2bf
                )

            [ine_item_global_price_ids] => Array
                (
                    [0] => 68364006a8bec0a71115a2d0
                )

            [line_item_funnel_product_ids] => Array
                (
                    [0] => 683656ce9ad15530eb3b6754
                )

            [line_item_product_submission_types] => Array
                (
                    [0] => 1
                )

            [funnel_id] => ZUpA97sQFyZSZlFQIILb
            [source] => funnel
            [sub_source] => one_step_order_form
            [source_id] => ZUpA97sQFyZSZlFQIILb
            [meta] => Array
                (
                    [page_id] => pq1DHnogOg6Gam5KNy2U
                )

            [payment_gateway] => stripe
            [created_at] => 2025-05-29T16:25:07.000Z
            [created_on] => 29 May 2025
            [line_items] => Array
                (
                    [0] => Array
                        (
                            [id] => 683656ce9ad15530eb3b6754
                            [title] => Passport Travel Advisor Annual (NEW)
                            [image] => https://storage.googleapis.com/builder-preview/payment/product/product-placeholder.png
                            [price] => 1489
                            [quantity] => 1
                            [line_price] => 1489
                            [product_type] => one_time
                            [product_submission_type] => 1
                            [meta] => Array
                                (
                                    [product_id] => 68364006a8bec0391315a2bf
                                    [price_id] => 68364006a8bec0a71115a2d0
                                    [order_id] => 68388a6243e8da1267231604
                                )

                        )

                )

            [customer] => Array
                (
                    [id] => h0mHDb1U1a8fGV3gyc5F
                    [first_name] => thursday
                    [last_name] => thursday
                    [name] => thursday thursday
                    [email] => thursday@sample.com
                    [full_address] => 8 Saint Gregory Street
                    [state] => Massachusetts
                    [city] => Boston
                    [country] => US
                    [postal_code] => 02124
                )

            [currency_code] => USD
            [currency_symbol] => $
            [total_cart_price] => 1489
            [has_discount] => 
            [total_discount] => 0
            [discount_code] => 
            [total_price] => 1489
        )

    [workflow] => Array
        (
            [id] => faaa195c-1bcb-477c-8028-1d7d89a313f7
            [name] => TEST
        )

    [triggerData] => Array
        (
        )

    [contact] => Array
        (
            [attributionSource] => Array
                (
                    [sessionSource] => Direct traffic
                    [url] => https://dashlifetravel.com/
                    [campaign] => 
                    [utmSource] => 
                    [utmMedium] => 
                    [utmContent] => 
                    [utmTerm] => 
                    [utmKeyword] => 
                    [utmMatchtype] => 
                    [referrer] => 
                    [gclid] => 
                    [userAgent] => Mozilla/5.0 (Windows NT 10.0; Win64; x64) AppleWebKit/537.36 (KHTML, like Gecko) Chrome/136.0.0.0 Safari/537.36
                    [ip] => 2601:282:1985:1d20:ad62:f836:27b8:bdf9
                    [gaClientId] => 
                    [medium] => order_form
                    [mediumId] => cf654c82-1c0e-407d-921e-8c955c722217
                    [adName] => 
                    [adGroupId] => 
                    [adId] => 
                    [gbraid] => 
                    [wbraid] => 
                )

            [lastAttributionSource] => Array
                (
                    [sessionSource] => Direct traffic
                    [url] => https://dashlifetravel.com/pass-us-travel-2446
                    [utmSource] => 
                    [utmMedium] => 
                    [utmContent] => 
                    [utmTerm] => 
                    [utmKeyword] => 
                    [utmMatchtype] => 
                    [referrer] => 
                    [gclid] => 
                    [userAgent] => Mozilla/5.0 (Windows NT 10.0; Win64; x64) AppleWebKit/537.36 (KHTML, like Gecko) Chrome/136.0.0.0 Safari/537.36
                    [ip] => 2601:282:1985:1d20:61bf:a4c7:5b72:30f2
                    [gaClientId] => 
                    [medium] => order_form
                    [mediumId] => a4332cca-7fd5-4f38-a9e3-1775cf733069
                    [adName] => 
                    [adGroupId] => 
                    [adId] => 
                    [gbraid] => 
                    [wbraid] => 
                )

        )

    [attributionSource] => Array
        (
        )

    [customData] => Array
        (
            [order_source] => funnel
            [order_total] => 1489
        )

)

[2025-05-29 16:30:27] 📥 Incoming Payload => Array
(
    [Monthly or Annual] => 
    [Placeholder] => 
    [PersonDisplayID] => 
    [Join Date] => 
    [personId] => 
    [Contact Message] => 
    [Affiliate Display ID] => 
    [Affiliate Portal Link] => 
    [personTypeId] => 
    [Affiliate Link] => 
    [Affiliate Phone] => 
    [LinkID] => 
    [Subaccount ID] => 
    [Subscription ID] => 
    [Password] => sample123
    [Dream Destination] => Mars
    [contact_id] => h0mHDb1U1a8fGV3gyc5F
    [first_name] => thursday
    [last_name] => thursday
    [full_name] => thursday thursday
    [email] => thursday@sample.com
    [tags] => 
    [address1] => 8 Saint Gregory Street
    [city] => Boston
    [state] => Massachusetts
    [country] => US
    [timezone] => America/New_York
    [date_created] => 2025-05-24T20:36:49.977Z
    [postal_code] => 02124
    [date_of_birth] => 1970-05-13T00:00:00.000Z
    [contact_source] => Passport Lite Offer Copy
    [full_address] => 8 Saint Gregory Street, Boston Massachusetts 02124
    [contact_type] => lead
    [location] => Array
        (
            [name] => Levarti Travel
            [address] => 2655 Ulmerton Road, #254
            [city] => Clearwater
            [state] => FL
            [country] => US
            [postalCode] => 33762
            [fullAddress] => 2655 Ulmerton Road, #254, Clearwater FL 33762
            [id] => BgC5ZRCPYCXFXQYCjR7y
        )

    [order] => Array
        (
            [line_item_global_product_ids] => Array
                (
                    [0] => 68364006a8bec0391315a2bf
                )

            [ine_item_global_price_ids] => Array
                (
                    [0] => 68364006a8bec0a71115a2d0
                )

            [line_item_funnel_product_ids] => Array
                (
                    [0] => 683656ce9ad15530eb3b6754
                )

            [line_item_product_submission_types] => Array
                (
                    [0] => 1
                )

            [funnel_id] => ZUpA97sQFyZSZlFQIILb
            [source] => funnel
            [sub_source] => one_step_order_form
            [source_id] => ZUpA97sQFyZSZlFQIILb
            [meta] => Array
                (
                    [page_id] => pq1DHnogOg6Gam5KNy2U
                )

            [payment_gateway] => stripe
            [created_at] => 2025-05-29T16:25:07.000Z
            [created_on] => 29 May 2025
            [line_items] => Array
                (
                    [0] => Array
                        (
                            [id] => 683656ce9ad15530eb3b6754
                            [title] => Passport Travel Advisor Annual (NEW)
                            [image] => https://storage.googleapis.com/builder-preview/payment/product/product-placeholder.png
                            [price] => 1489
                            [quantity] => 1
                            [line_price] => 1489
                            [product_type] => one_time
                            [product_submission_type] => 1
                            [meta] => Array
                                (
                                    [product_id] => 68364006a8bec0391315a2bf
                                    [price_id] => 68364006a8bec0a71115a2d0
                                    [order_id] => 68388a6243e8da1267231604
                                )

                        )

                )

            [customer] => Array
                (
                    [id] => h0mHDb1U1a8fGV3gyc5F
                    [first_name] => thursday
                    [last_name] => thursday
                    [name] => thursday thursday
                    [email] => thursday@sample.com
                    [full_address] => 8 Saint Gregory Street
                    [state] => Massachusetts
                    [city] => Boston
                    [country] => US
                    [postal_code] => 02124
                )

            [currency_code] => USD
            [currency_symbol] => $
            [total_cart_price] => 1489
            [has_discount] => 
            [total_discount] => 0
            [discount_code] => 
            [total_price] => 1489
        )

    [workflow] => Array
        (
            [id] => faaa195c-1bcb-477c-8028-1d7d89a313f7
            [name] => TEST
        )

    [triggerData] => Array
        (
        )

    [contact] => Array
        (
            [attributionSource] => Array
                (
                    [sessionSource] => Direct traffic
                    [url] => https://dashlifetravel.com/
                    [campaign] => 
                    [utmSource] => 
                    [utmMedium] => 
                    [utmContent] => 
                    [utmTerm] => 
                    [utmKeyword] => 
                    [utmMatchtype] => 
                    [referrer] => 
                    [gclid] => 
                    [userAgent] => Mozilla/5.0 (Windows NT 10.0; Win64; x64) AppleWebKit/537.36 (KHTML, like Gecko) Chrome/136.0.0.0 Safari/537.36
                    [ip] => 2601:282:1985:1d20:ad62:f836:27b8:bdf9
                    [gaClientId] => 
                    [medium] => order_form
                    [mediumId] => cf654c82-1c0e-407d-921e-8c955c722217
                    [adName] => 
                    [adGroupId] => 
                    [adId] => 
                    [gbraid] => 
                    [wbraid] => 
                )

            [lastAttributionSource] => Array
                (
                    [sessionSource] => Direct traffic
                    [url] => https://dashlifetravel.com/pass-us-travel-2446
                    [utmSource] => 
                    [utmMedium] => 
                    [utmContent] => 
                    [utmTerm] => 
                    [utmKeyword] => 
                    [utmMatchtype] => 
                    [referrer] => 
                    [gclid] => 
                    [userAgent] => Mozilla/5.0 (Windows NT 10.0; Win64; x64) AppleWebKit/537.36 (KHTML, like Gecko) Chrome/136.0.0.0 Safari/537.36
                    [ip] => 2601:282:1985:1d20:61bf:a4c7:5b72:30f2
                    [gaClientId] => 
                    [medium] => order_form
                    [mediumId] => a4332cca-7fd5-4f38-a9e3-1775cf733069
                    [adName] => 
                    [adGroupId] => 
                    [adId] => 
                    [gbraid] => 
                    [wbraid] => 
                )

        )

    [attributionSource] => Array
        (
        )

    [customData] => Array
        (
            [order_source] => funnel
            [order_total] => 1489
        )

)

[2025-05-29 16:40:28] 📥 Incoming Payload => Array
(
    [Monthly or Annual] => 
    [Placeholder] => 
    [PersonDisplayID] => 
    [Join Date] => 
    [personId] => 
    [Contact Message] => 
    [Affiliate Display ID] => 
    [Affiliate Portal Link] => 
    [personTypeId] => 
    [Affiliate Link] => 
    [Affiliate Phone] => 
    [LinkID] => 
    [Subaccount ID] => 
    [Subscription ID] => 
    [Password] => sample123
    [Dream Destination] => Mars
    [contact_id] => h0mHDb1U1a8fGV3gyc5F
    [first_name] => thursday
    [last_name] => thursday
    [full_name] => thursday thursday
    [email] => thursday@sample.com
    [tags] => 
    [address1] => 8 Saint Gregory Street
    [city] => Boston
    [state] => Massachusetts
    [country] => US
    [timezone] => America/New_York
    [date_created] => 2025-05-24T20:36:49.977Z
    [postal_code] => 02124
    [date_of_birth] => 1970-05-13T00:00:00.000Z
    [contact_source] => Passport Lite Offer Copy
    [full_address] => 8 Saint Gregory Street, Boston Massachusetts 02124
    [contact_type] => lead
    [location] => Array
        (
            [name] => Levarti Travel
            [address] => 2655 Ulmerton Road, #254
            [city] => Clearwater
            [state] => FL
            [country] => US
            [postalCode] => 33762
            [fullAddress] => 2655 Ulmerton Road, #254, Clearwater FL 33762
            [id] => BgC5ZRCPYCXFXQYCjR7y
        )

    [order] => Array
        (
            [line_item_global_product_ids] => Array
                (
                    [0] => 68364006a8bec0391315a2bf
                )

            [ine_item_global_price_ids] => Array
                (
                    [0] => 68364006a8bec0a71115a2d0
                )

            [line_item_funnel_product_ids] => Array
                (
                    [0] => 683656ce9ad15530eb3b6754
                )

            [line_item_product_submission_types] => Array
                (
                    [0] => 1
                )

            [funnel_id] => ZUpA97sQFyZSZlFQIILb
            [source] => funnel
            [sub_source] => one_step_order_form
            [source_id] => ZUpA97sQFyZSZlFQIILb
            [meta] => Array
                (
                    [page_id] => pq1DHnogOg6Gam5KNy2U
                )

            [payment_gateway] => stripe
            [created_at] => 2025-05-29T16:25:07.000Z
            [created_on] => 29 May 2025
            [line_items] => Array
                (
                    [0] => Array
                        (
                            [id] => 683656ce9ad15530eb3b6754
                            [title] => Passport Travel Advisor Annual (NEW)
                            [image] => https://storage.googleapis.com/builder-preview/payment/product/product-placeholder.png
                            [price] => 1489
                            [quantity] => 1
                            [line_price] => 1489
                            [product_type] => one_time
                            [product_submission_type] => 1
                            [meta] => Array
                                (
                                    [product_id] => 68364006a8bec0391315a2bf
                                    [price_id] => 68364006a8bec0a71115a2d0
                                    [order_id] => 68388a6243e8da1267231604
                                )

                        )

                )

            [customer] => Array
                (
                    [id] => h0mHDb1U1a8fGV3gyc5F
                    [first_name] => thursday
                    [last_name] => thursday
                    [name] => thursday thursday
                    [email] => thursday@sample.com
                    [full_address] => 8 Saint Gregory Street
                    [state] => Massachusetts
                    [city] => Boston
                    [country] => US
                    [postal_code] => 02124
                )

            [currency_code] => USD
            [currency_symbol] => $
            [total_cart_price] => 1489
            [has_discount] => 
            [total_discount] => 0
            [discount_code] => 
            [total_price] => 1489
        )

    [workflow] => Array
        (
            [id] => faaa195c-1bcb-477c-8028-1d7d89a313f7
            [name] => TEST
        )

    [triggerData] => Array
        (
        )

    [contact] => Array
        (
            [attributionSource] => Array
                (
                    [sessionSource] => Direct traffic
                    [url] => https://dashlifetravel.com/
                    [campaign] => 
                    [utmSource] => 
                    [utmMedium] => 
                    [utmContent] => 
                    [utmTerm] => 
                    [utmKeyword] => 
                    [utmMatchtype] => 
                    [referrer] => 
                    [gclid] => 
                    [userAgent] => Mozilla/5.0 (Windows NT 10.0; Win64; x64) AppleWebKit/537.36 (KHTML, like Gecko) Chrome/136.0.0.0 Safari/537.36
                    [ip] => 2601:282:1985:1d20:ad62:f836:27b8:bdf9
                    [gaClientId] => 
                    [medium] => order_form
                    [mediumId] => cf654c82-1c0e-407d-921e-8c955c722217
                    [adName] => 
                    [adGroupId] => 
                    [adId] => 
                    [gbraid] => 
                    [wbraid] => 
                )

            [lastAttributionSource] => Array
                (
                    [sessionSource] => Direct traffic
                    [url] => https://dashlifetravel.com/pass-us-travel-2446
                    [utmSource] => 
                    [utmMedium] => 
                    [utmContent] => 
                    [utmTerm] => 
                    [utmKeyword] => 
                    [utmMatchtype] => 
                    [referrer] => 
                    [gclid] => 
                    [userAgent] => Mozilla/5.0 (Windows NT 10.0; Win64; x64) AppleWebKit/537.36 (KHTML, like Gecko) Chrome/136.0.0.0 Safari/537.36
                    [ip] => 2601:282:1985:1d20:61bf:a4c7:5b72:30f2
                    [gaClientId] => 
                    [medium] => order_form
                    [mediumId] => a4332cca-7fd5-4f38-a9e3-1775cf733069
                    [adName] => 
                    [adGroupId] => 
                    [adId] => 
                    [gbraid] => 
                    [wbraid] => 
                )

        )

    [attributionSource] => Array
        (
        )

    [customData] => Array
        (
            [order_source] => funnel
            [order_total] => 1489
        )

)

[2025-05-29 16:55:30] 📥 Incoming Payload => Array
(
    [Monthly or Annual] => 
    [Placeholder] => 
    [PersonDisplayID] => 
    [Join Date] => 
    [personId] => 
    [Contact Message] => 
    [Affiliate Display ID] => 
    [Affiliate Portal Link] => 
    [personTypeId] => 
    [Affiliate Link] => 
    [Affiliate Phone] => 
    [LinkID] => 
    [Subaccount ID] => 
    [Subscription ID] => 
    [Password] => sample123
    [Dream Destination] => Mars
    [contact_id] => h0mHDb1U1a8fGV3gyc5F
    [first_name] => thursday
    [last_name] => thursday
    [full_name] => thursday thursday
    [email] => thursday@sample.com
    [tags] => 
    [address1] => 8 Saint Gregory Street
    [city] => Boston
    [state] => Massachusetts
    [country] => US
    [timezone] => America/New_York
    [date_created] => 2025-05-24T20:36:49.977Z
    [postal_code] => 02124
    [date_of_birth] => 1970-05-13T00:00:00.000Z
    [contact_source] => Passport Lite Offer Copy
    [full_address] => 8 Saint Gregory Street, Boston Massachusetts 02124
    [contact_type] => lead
    [location] => Array
        (
            [name] => Levarti Travel
            [address] => 2655 Ulmerton Road, #254
            [city] => Clearwater
            [state] => FL
            [country] => US
            [postalCode] => 33762
            [fullAddress] => 2655 Ulmerton Road, #254, Clearwater FL 33762
            [id] => BgC5ZRCPYCXFXQYCjR7y
        )

    [order] => Array
        (
            [line_item_global_product_ids] => Array
                (
                    [0] => 68364006a8bec0391315a2bf
                )

            [ine_item_global_price_ids] => Array
                (
                    [0] => 68364006a8bec0a71115a2d0
                )

            [line_item_funnel_product_ids] => Array
                (
                    [0] => 683656ce9ad15530eb3b6754
                )

            [line_item_product_submission_types] => Array
                (
                    [0] => 1
                )

            [funnel_id] => ZUpA97sQFyZSZlFQIILb
            [source] => funnel
            [sub_source] => one_step_order_form
            [source_id] => ZUpA97sQFyZSZlFQIILb
            [meta] => Array
                (
                    [page_id] => pq1DHnogOg6Gam5KNy2U
                )

            [payment_gateway] => stripe
            [created_at] => 2025-05-29T16:25:07.000Z
            [created_on] => 29 May 2025
            [line_items] => Array
                (
                    [0] => Array
                        (
                            [id] => 683656ce9ad15530eb3b6754
                            [title] => Passport Travel Advisor Annual (NEW)
                            [image] => https://storage.googleapis.com/builder-preview/payment/product/product-placeholder.png
                            [price] => 1489
                            [quantity] => 1
                            [line_price] => 1489
                            [product_type] => one_time
                            [product_submission_type] => 1
                            [meta] => Array
                                (
                                    [product_id] => 68364006a8bec0391315a2bf
                                    [price_id] => 68364006a8bec0a71115a2d0
                                    [order_id] => 68388a6243e8da1267231604
                                )

                        )

                )

            [customer] => Array
                (
                    [id] => h0mHDb1U1a8fGV3gyc5F
                    [first_name] => thursday
                    [last_name] => thursday
                    [name] => thursday thursday
                    [email] => thursday@sample.com
                    [full_address] => 8 Saint Gregory Street
                    [state] => Massachusetts
                    [city] => Boston
                    [country] => US
                    [postal_code] => 02124
                )

            [currency_code] => USD
            [currency_symbol] => $
            [total_cart_price] => 1489
            [has_discount] => 
            [total_discount] => 0
            [discount_code] => 
            [total_price] => 1489
        )

    [workflow] => Array
        (
            [id] => faaa195c-1bcb-477c-8028-1d7d89a313f7
            [name] => TEST
        )

    [triggerData] => Array
        (
        )

    [contact] => Array
        (
            [attributionSource] => Array
                (
                    [sessionSource] => Direct traffic
                    [url] => https://dashlifetravel.com/
                    [campaign] => 
                    [utmSource] => 
                    [utmMedium] => 
                    [utmContent] => 
                    [utmTerm] => 
                    [utmKeyword] => 
                    [utmMatchtype] => 
                    [referrer] => 
                    [gclid] => 
                    [userAgent] => Mozilla/5.0 (Windows NT 10.0; Win64; x64) AppleWebKit/537.36 (KHTML, like Gecko) Chrome/136.0.0.0 Safari/537.36
                    [ip] => 2601:282:1985:1d20:ad62:f836:27b8:bdf9
                    [gaClientId] => 
                    [medium] => order_form
                    [mediumId] => cf654c82-1c0e-407d-921e-8c955c722217
                    [adName] => 
                    [adGroupId] => 
                    [adId] => 
                    [gbraid] => 
                    [wbraid] => 
                )

            [lastAttributionSource] => Array
                (
                    [sessionSource] => Direct traffic
                    [url] => https://dashlifetravel.com/pass-us-travel-2446
                    [utmSource] => 
                    [utmMedium] => 
                    [utmContent] => 
                    [utmTerm] => 
                    [utmKeyword] => 
                    [utmMatchtype] => 
                    [referrer] => 
                    [gclid] => 
                    [userAgent] => Mozilla/5.0 (Windows NT 10.0; Win64; x64) AppleWebKit/537.36 (KHTML, like Gecko) Chrome/136.0.0.0 Safari/537.36
                    [ip] => 2601:282:1985:1d20:61bf:a4c7:5b72:30f2
                    [gaClientId] => 
                    [medium] => order_form
                    [mediumId] => a4332cca-7fd5-4f38-a9e3-1775cf733069
                    [adName] => 
                    [adGroupId] => 
                    [adId] => 
                    [gbraid] => 
                    [wbraid] => 
                )

        )

    [attributionSource] => Array
        (
        )

    [customData] => Array
        (
            [order_source] => funnel
            [order_total] => 1489
        )

)

[2025-05-29 17:15:44] 📥 Incoming Payload => Array
(
    [Monthly or Annual] => 
    [Placeholder] => 
    [PersonDisplayID] => 
    [Join Date] => 
    [personId] => 
    [Contact Message] => 
    [Affiliate Display ID] => 
    [Affiliate Portal Link] => 
    [personTypeId] => 
    [Affiliate Link] => 
    [Affiliate Phone] => 
    [LinkID] => 
    [Subaccount ID] => 
    [Subscription ID] => 
    [Password] => sample123
    [Dream Destination] => Mars
    [contact_id] => h0mHDb1U1a8fGV3gyc5F
    [first_name] => thursday
    [last_name] => thursday
    [full_name] => thursday thursday
    [email] => thursday@sample.com
    [tags] => 
    [address1] => 8 Saint Gregory Street
    [city] => Boston
    [state] => Massachusetts
    [country] => US
    [timezone] => America/New_York
    [date_created] => 2025-05-24T20:36:49.977Z
    [postal_code] => 02124
    [date_of_birth] => 1970-05-13T00:00:00.000Z
    [contact_source] => Passport Lite Offer Copy
    [full_address] => 8 Saint Gregory Street, Boston Massachusetts 02124
    [contact_type] => lead
    [location] => Array
        (
            [name] => Levarti Travel
            [address] => 2655 Ulmerton Road, #254
            [city] => Clearwater
            [state] => FL
            [country] => US
            [postalCode] => 33762
            [fullAddress] => 2655 Ulmerton Road, #254, Clearwater FL 33762
            [id] => BgC5ZRCPYCXFXQYCjR7y
        )

    [order] => Array
        (
            [line_item_global_product_ids] => Array
                (
                    [0] => 68364006a8bec0391315a2bf
                )

            [ine_item_global_price_ids] => Array
                (
                    [0] => 68364006a8bec0a71115a2d0
                )

            [line_item_funnel_product_ids] => Array
                (
                    [0] => 683656ce9ad15530eb3b6754
                )

            [line_item_product_submission_types] => Array
                (
                    [0] => 1
                )

            [funnel_id] => ZUpA97sQFyZSZlFQIILb
            [source] => funnel
            [sub_source] => one_step_order_form
            [source_id] => ZUpA97sQFyZSZlFQIILb
            [meta] => Array
                (
                    [page_id] => pq1DHnogOg6Gam5KNy2U
                )

            [payment_gateway] => stripe
            [created_at] => 2025-05-29T16:25:07.000Z
            [created_on] => 29 May 2025
            [line_items] => Array
                (
                    [0] => Array
                        (
                            [id] => 683656ce9ad15530eb3b6754
                            [title] => Passport Travel Advisor Annual (NEW)
                            [image] => https://storage.googleapis.com/builder-preview/payment/product/product-placeholder.png
                            [price] => 1489
                            [quantity] => 1
                            [line_price] => 1489
                            [product_type] => one_time
                            [product_submission_type] => 1
                            [meta] => Array
                                (
                                    [product_id] => 68364006a8bec0391315a2bf
                                    [price_id] => 68364006a8bec0a71115a2d0
                                    [order_id] => 68388a6243e8da1267231604
                                )

                        )

                )

            [customer] => Array
                (
                    [id] => h0mHDb1U1a8fGV3gyc5F
                    [first_name] => thursday
                    [last_name] => thursday
                    [name] => thursday thursday
                    [email] => thursday@sample.com
                    [full_address] => 8 Saint Gregory Street
                    [state] => Massachusetts
                    [city] => Boston
                    [country] => US
                    [postal_code] => 02124
                )

            [currency_code] => USD
            [currency_symbol] => $
            [total_cart_price] => 1489
            [has_discount] => 
            [total_discount] => 0
            [discount_code] => 
            [total_price] => 1489
        )

    [workflow] => Array
        (
            [id] => faaa195c-1bcb-477c-8028-1d7d89a313f7
            [name] => TEST
        )

    [triggerData] => Array
        (
        )

    [contact] => Array
        (
            [attributionSource] => Array
                (
                    [sessionSource] => Direct traffic
                    [url] => https://dashlifetravel.com/
                    [campaign] => 
                    [utmSource] => 
                    [utmMedium] => 
                    [utmContent] => 
                    [utmTerm] => 
                    [utmKeyword] => 
                    [utmMatchtype] => 
                    [referrer] => 
                    [gclid] => 
                    [userAgent] => Mozilla/5.0 (Windows NT 10.0; Win64; x64) AppleWebKit/537.36 (KHTML, like Gecko) Chrome/136.0.0.0 Safari/537.36
                    [ip] => 2601:282:1985:1d20:ad62:f836:27b8:bdf9
                    [gaClientId] => 
                    [medium] => order_form
                    [mediumId] => cf654c82-1c0e-407d-921e-8c955c722217
                    [adName] => 
                    [adGroupId] => 
                    [adId] => 
                    [gbraid] => 
                    [wbraid] => 
                )

            [lastAttributionSource] => Array
                (
                    [sessionSource] => Direct traffic
                    [url] => https://dashlifetravel.com/pass-us-travel-2446
                    [utmSource] => 
                    [utmMedium] => 
                    [utmContent] => 
                    [utmTerm] => 
                    [utmKeyword] => 
                    [utmMatchtype] => 
                    [referrer] => 
                    [gclid] => 
                    [userAgent] => Mozilla/5.0 (Windows NT 10.0; Win64; x64) AppleWebKit/537.36 (KHTML, like Gecko) Chrome/136.0.0.0 Safari/537.36
                    [ip] => 2601:282:1985:1d20:61bf:a4c7:5b72:30f2
                    [gaClientId] => 
                    [medium] => order_form
                    [mediumId] => a4332cca-7fd5-4f38-a9e3-1775cf733069
                    [adName] => 
                    [adGroupId] => 
                    [adId] => 
                    [gbraid] => 
                    [wbraid] => 
                )

        )

    [attributionSource] => Array
        (
        )

    [customData] => Array
        (
            [order_source] => funnel
            [order_total] => 1489
        )

)

[2025-06-03 11:23:17] 📥 Incoming Payload => Array
(
    [Monthly or Annual] => 
    [Placeholder] => 
    [PersonDisplayID] => 
    [Join Date] => 
    [personId] => 
    [Contact Message] => 
    [Affiliate Display ID] => 
    [Affiliate Portal Link] => 
    [personTypeId] => 
    [Affiliate Link] => 
    [Affiliate Phone] => 
    [LinkID] => 19522903581
    [Subaccount ID] => 
    [Subscription ID] => 
    [Password] => umairshaukat278
    [Dream Destination] => test
    [contact_id] => TMPBeBtqDpVxnYBRPSVx
    [first_name] => Test
    [last_name] => order
    [full_name] => Test order
    [email] => testing_products@gmail.com
    [phone] => +13044319778
    [tags] => 
    [address1] => house no 42 gulberg toba tak singh state punjab pakistan
    [city] => toba tak singh
    [state] => Punjab
    [country] => PK
    [timezone] => Asia/Karachi
    [date_created] => 2025-05-22T01:08:14.227Z
    [postal_code] => 36300
    [date_of_birth] => 2025-05-15T00:00:00.000Z
    [contact_source] => test order page
    [full_address] => house no 42 gulberg toba tak singh state punjab pakistan, toba tak singh Punjab 36300
    [contact_type] => lead
    [location] => Array
        (
            [name] => Levarti Travel
            [address] => 2655 Ulmerton Road, #254
            [city] => Clearwater
            [state] => FL
            [country] => US
            [postalCode] => 33762
            [fullAddress] => 2655 Ulmerton Road, #254, Clearwater FL 33762
            [id] => BgC5ZRCPYCXFXQYCjR7y
        )

    [order] => Array
        (
            [line_item_global_product_ids] => Array
                (
                    [0] => 68364006a8bec0391315a2bf
                    [1] => 68364006a8bec0c7dd15a2c1
                )

            [ine_item_global_price_ids] => Array
                (
                    [0] => 68364006a8bec0a71115a2d0
                    [1] => 68364006a8bec00d3715a2d2
                )

            [line_item_funnel_product_ids] => Array
                (
                    [0] => 683656ce9ad15530eb3b6754
                    [1] => 68365ca9eddfe147d4a281c9
                )

            [line_item_product_submission_types] => Array
                (
                    [0] => 1
                    [1] => 1
                )

            [funnel_id] => ZUpA97sQFyZSZlFQIILb
            [source] => funnel
            [sub_source] => one_step_order_form
            [source_id] => ZUpA97sQFyZSZlFQIILb
            [meta] => Array
                (
                    [page_id] => pq1DHnogOg6Gam5KNy2U
                )

            [payment_gateway] => stripe
            [created_at] => 2025-05-28T13:32:49.537Z
            [created_on] => 28 May 2025
            [line_items] => Array
                (
                    [0] => Array
                        (
                            [id] => 683656ce9ad15530eb3b6754
                            [title] => Passport Travel Advisor Annual (NEW)
                            [image] => https://storage.googleapis.com/builder-preview/payment/product/product-placeholder.png
                            [price] => 1489
                            [quantity] => 1
                            [line_price] => 1489
                            [product_type] => one_time
                            [product_submission_type] => 1
                            [meta] => Array
                                (
                                    [product_id] => 68364006a8bec0391315a2bf
                                    [price_id] => 68364006a8bec0a71115a2d0
                                    [order_id] => 68371081c650762ed08ec07e
                                )

                        )

                    [1] => Array
                        (
                            [id] => 68365ca9eddfe147d4a281c9
                            [title] => Annual Affiliate Fee
                            [image] => https://storage.googleapis.com/builder-preview/payment/product/product-placeholder.png
                            [price] => 50
                            [quantity] => 1
                            [line_price] => 50
                            [product_type] => one_time
                            [product_submission_type] => 1
                            [meta] => Array
                                (
                                    [product_id] => 68364006a8bec0c7dd15a2c1
                                    [price_id] => 68364006a8bec00d3715a2d2
                                    [order_id] => 68371081c650762ed08ec07e
                                )

                        )

                )

            [customer] => Array
                (
                    [id] => TMPBeBtqDpVxnYBRPSVx
                    [first_name] => Test
                    [last_name] => order
                    [name] => Test order
                    [email] => testing_products@gmail.com
                    [phone] => +13044319778
                    [full_address] => house no 42 gulberg toba tak singh state punjab pakistan
                    [state] => Punjab
                    [city] => toba tak singh
                    [country] => PK
                    [postal_code] => 36300
                )

            [currency_code] => USD
            [currency_symbol] => $
            [total_cart_price] => 1539
            [has_discount] => 
            [total_discount] => 0
            [discount_code] => 
            [total_price] => 1539
        )

    [workflow] => Array
        (
            [id] => faaa195c-1bcb-477c-8028-1d7d89a313f7
            [name] => TEST
        )

    [triggerData] => Array
        (
        )

    [contact] => Array
        (
            [attributionSource] => Array
                (
                    [sessionSource] => Direct traffic
                    [url] => https://app.levartimarketingsystems.com/v2/preview/V8VhiU2V2vSAbxBYcWIe
                    [campaign] => 
                    [utmSource] => 
                    [utmMedium] => 
                    [utmContent] => 
                    [utmTerm] => 
                    [utmKeyword] => 
                    [utmMatchtype] => 
                    [referrer] => 
                    [gclid] => 
                    [userAgent] => Mozilla/5.0 (Windows NT 10.0; Win64; x64) AppleWebKit/537.36 (KHTML, like Gecko) Chrome/136.0.0.0 Safari/537.36
                    [ip] => 163.223.4.97
                    [gaClientId] => GA1.2.1420336292.1747869861
                    [medium] => order_form
                    [mediumId] => 72dcffb0-9f94-4abc-acaa-89f8b6d014d6
                    [adName] => 
                    [adGroupId] => 
                    [adId] => 
                    [gbraid] => 
                    [wbraid] => 
                )

            [lastAttributionSource] => Array
                (
                    [sessionSource] => Direct traffic
                    [url] => https://dashlifetravel.com/pass-us-travel-2446
                    [utmSource] => 
                    [utmMedium] => 
                    [utmContent] => 
                    [utmTerm] => 
                    [utmKeyword] => 
                    [utmMatchtype] => 
                    [referrer] => 
                    [gclid] => 
                    [userAgent] => Mozilla/5.0 (Windows NT 10.0; Win64; x64) AppleWebKit/537.36 (KHTML, like Gecko) Chrome/136.0.0.0 Safari/537.36
                    [ip] => 163.223.4.81
                    [gaClientId] => 
                    [medium] => order_form
                    [mediumId] => a4332cca-7fd5-4f38-a9e3-1775cf733069
                    [adName] => 
                    [adGroupId] => 
                    [adId] => 
                    [gbraid] => 
                    [wbraid] => 
                )

        )

    [attributionSource] => Array
        (
        )

    [customData] => Array
        (
            [order_source] => funnel
            [order_total] => 1539
        )

)

[2025-06-03 11:23:17] ✅ Order and items saved => Array
(
    [orderId] => 12352
)

[2025-06-03 11:23:17] 🔍 Checking if customer exists: https://api.pillarshub.com/api/v1/Customers/TMPBeBtqDpVxnYBRPSVx
[2025-06-05 11:09:09] 📥 Incoming Payload => Array
(
    [Monthly or Annual] => 
    [Placeholder] => 
    [PersonDisplayID] => 
    [Join Date] => 
    [personId] => 
    [Contact Message] => 
    [Affiliate Display ID] => 
    [Affiliate Portal Link] => 
    [personTypeId] => 
    [Affiliate Link] => 
    [Affiliate Phone] => 
    [LinkID] => 19522903581
    [Subaccount ID] => 
    [Subscription ID] => 
    [Password] => umairshaukat278
    [Dream Destination] => test
    [contact_id] => TMPBeBtqDpVxnYBRPSVx
    [first_name] => Test
    [last_name] => order
    [full_name] => Test order
    [email] => testing_products@gmail.com
    [phone] => +13044319778
    [tags] => 
    [address1] => house no 42 gulberg toba tak singh state punjab pakistan
    [city] => toba tak singh
    [state] => Punjab
    [country] => PK
    [timezone] => Asia/Karachi
    [date_created] => 2025-05-22T01:08:14.227Z
    [postal_code] => 36300
    [date_of_birth] => 2025-05-15T00:00:00.000Z
    [contact_source] => test order page
    [full_address] => house no 42 gulberg toba tak singh state punjab pakistan, toba tak singh Punjab 36300
    [contact_type] => lead
    [location] => Array
        (
            [name] => Levarti Travel
            [address] => 2655 Ulmerton Road, #254
            [city] => Clearwater
            [state] => FL
            [country] => US
            [postalCode] => 33762
            [fullAddress] => 2655 Ulmerton Road, #254, Clearwater FL 33762
            [id] => BgC5ZRCPYCXFXQYCjR7y
        )

    [order] => Array
        (
            [line_item_global_product_ids] => Array
                (
                    [0] => 68364006a8bec0391315a2bf
                    [1] => 68364006a8bec0c7dd15a2c1
                )

            [ine_item_global_price_ids] => Array
                (
                    [0] => 68364006a8bec0a71115a2d0
                    [1] => 68364006a8bec00d3715a2d2
                )

            [line_item_funnel_product_ids] => Array
                (
                    [0] => 683656ce9ad15530eb3b6754
                    [1] => 68365ca9eddfe147d4a281c9
                )

            [line_item_product_submission_types] => Array
                (
                    [0] => 1
                    [1] => 1
                )

            [funnel_id] => ZUpA97sQFyZSZlFQIILb
            [source] => funnel
            [sub_source] => one_step_order_form
            [source_id] => ZUpA97sQFyZSZlFQIILb
            [meta] => Array
                (
                    [page_id] => pq1DHnogOg6Gam5KNy2U
                )

            [payment_gateway] => stripe
            [created_at] => 2025-05-28T13:32:49.537Z
            [created_on] => 28 May 2025
            [line_items] => Array
                (
                    [0] => Array
                        (
                            [id] => 683656ce9ad15530eb3b6754
                            [title] => Passport Travel Advisor Annual (NEW)
                            [image] => https://storage.googleapis.com/builder-preview/payment/product/product-placeholder.png
                            [price] => 1489
                            [quantity] => 1
                            [line_price] => 1489
                            [product_type] => one_time
                            [product_submission_type] => 1
                            [meta] => Array
                                (
                                    [product_id] => 68364006a8bec0391315a2bf
                                    [price_id] => 68364006a8bec0a71115a2d0
                                    [order_id] => 68371081c650762ed08ec07e
                                )

                        )

                    [1] => Array
                        (
                            [id] => 68365ca9eddfe147d4a281c9
                            [title] => Annual Affiliate Fee
                            [image] => https://storage.googleapis.com/builder-preview/payment/product/product-placeholder.png
                            [price] => 50
                            [quantity] => 1
                            [line_price] => 50
                            [product_type] => one_time
                            [product_submission_type] => 1
                            [meta] => Array
                                (
                                    [product_id] => 68364006a8bec0c7dd15a2c1
                                    [price_id] => 68364006a8bec00d3715a2d2
                                    [order_id] => 68371081c650762ed08ec07e
                                )

                        )

                )

            [customer] => Array
                (
                    [id] => TMPBeBtqDpVxnYBRPSVx
                    [first_name] => Test
                    [last_name] => order
                    [name] => Test order
                    [email] => testing_products@gmail.com
                    [phone] => +13044319778
                    [full_address] => house no 42 gulberg toba tak singh state punjab pakistan
                    [state] => Punjab
                    [city] => toba tak singh
                    [country] => PK
                    [postal_code] => 36300
                )

            [currency_code] => USD
            [currency_symbol] => $
            [total_cart_price] => 1539
            [has_discount] => 
            [total_discount] => 0
            [discount_code] => 
            [total_price] => 1539
        )

    [workflow] => Array
        (
            [id] => faaa195c-1bcb-477c-8028-1d7d89a313f7
            [name] => TEST
        )

    [triggerData] => Array
        (
        )

    [contact] => Array
        (
            [attributionSource] => Array
                (
                    [sessionSource] => Direct traffic
                    [url] => https://app.levartimarketingsystems.com/v2/preview/V8VhiU2V2vSAbxBYcWIe
                    [campaign] => 
                    [utmSource] => 
                    [utmMedium] => 
                    [utmContent] => 
                    [utmTerm] => 
                    [utmKeyword] => 
                    [utmMatchtype] => 
                    [referrer] => 
                    [gclid] => 
                    [userAgent] => Mozilla/5.0 (Windows NT 10.0; Win64; x64) AppleWebKit/537.36 (KHTML, like Gecko) Chrome/136.0.0.0 Safari/537.36
                    [ip] => 163.223.4.97
                    [gaClientId] => GA1.2.1420336292.1747869861
                    [medium] => order_form
                    [mediumId] => 72dcffb0-9f94-4abc-acaa-89f8b6d014d6
                    [adName] => 
                    [adGroupId] => 
                    [adId] => 
                    [gbraid] => 
                    [wbraid] => 
                )

            [lastAttributionSource] => Array
                (
                    [sessionSource] => Direct traffic
                    [url] => https://dashlifetravel.com/pass-us-travel-2446
                    [utmSource] => 
                    [utmMedium] => 
                    [utmContent] => 
                    [utmTerm] => 
                    [utmKeyword] => 
                    [utmMatchtype] => 
                    [referrer] => 
                    [gclid] => 
                    [userAgent] => Mozilla/5.0 (Windows NT 10.0; Win64; x64) AppleWebKit/537.36 (KHTML, like Gecko) Chrome/136.0.0.0 Safari/537.36
                    [ip] => 163.223.4.81
                    [gaClientId] => 
                    [medium] => order_form
                    [mediumId] => a4332cca-7fd5-4f38-a9e3-1775cf733069
                    [adName] => 
                    [adGroupId] => 
                    [adId] => 
                    [gbraid] => 
                    [wbraid] => 
                )

        )

    [attributionSource] => Array
        (
        )

    [customData] => Array
        (
            [order_source] => funnel
            [order_total] => 1539
        )

)

[2025-06-05 11:09:09] ✅ Order and items saved => Array
(
    [orderId] => 12353
)

[2025-06-05 11:09:09] 🔍 Checking if customer exists: https://api.pillarshub.com/api/v1/Customers/TMPBeBtqDpVxnYBRPSVx
[2025-06-05 19:30:08] 📥 Incoming Payload => Array
(
    [Monthly or Annual] => 
    [Placeholder] => 
    [PersonDisplayID] => 
    [Join Date] => 
    [personId] => 
    [Contact Message] => 
    [Affiliate Display ID] => 
    [Affiliate Portal Link] => 
    [personTypeId] => 
    [Affiliate Link] => 
    [Affiliate Phone] => 
    [LinkID] => 19522903581
    [Subaccount ID] => 
    [Subscription ID] => 
    [Password] => umairshaukat278
    [Dream Destination] => test
    [contact_id] => TMPBeBtqDpVxnYBRPSVx
    [first_name] => Victor
    [last_name] => Martinez
    [full_name] => Victor Martinez
    [email] => martivic75@gmail.com
    [phone] => +13044319778
    [tags] => 
    [address1] => house no 42 gulberg toba tak singh state punjab pakistan
    [city] => toba tak singh
    [state] => Punjab
    [country] => PK
    [timezone] => Asia/Karachi
    [date_created] => 2025-05-22T01:08:14.227Z
    [postal_code] => 36300
    [date_of_birth] => 2025-05-01T00:00:00.000Z
    [contact_source] => test order page
    [full_address] => house no 42 gulberg toba tak singh state punjab pakistan, toba tak singh Punjab 36300
    [contact_type] => lead
    [location] => Array
        (
            [name] => Levarti Travel
            [address] => 2655 Ulmerton Road, #254
            [city] => Clearwater
            [state] => FL
            [country] => US
            [postalCode] => 33762
            [fullAddress] => 2655 Ulmerton Road, #254, Clearwater FL 33762
            [id] => BgC5ZRCPYCXFXQYCjR7y
        )

    [order] => Array
        (
            [line_item_global_product_ids] => Array
                (
                    [0] => 68364006a8bec0391315a2bf
                )

            [ine_item_global_price_ids] => Array
                (
                    [0] => 68364006a8bec0a71115a2d0
                )

            [line_item_funnel_product_ids] => Array
                (
                    [0] => 683656ce9ad15530eb3b6754
                )

            [line_item_product_submission_types] => Array
                (
                    [0] => 1
                )

            [funnel_id] => ZUpA97sQFyZSZlFQIILb
            [source] => funnel
            [sub_source] => one_step_order_form
            [source_id] => ZUpA97sQFyZSZlFQIILb
            [meta] => Array
                (
                    [page_id] => pq1DHnogOg6Gam5KNy2U
                )

            [payment_gateway] => stripe
            [created_at] => 2025-06-05T19:30:01.607Z
            [created_on] => 5 Jun 2025
            [line_items] => Array
                (
                    [0] => Array
                        (
                            [id] => 683656ce9ad15530eb3b6754
                            [title] => Passport Travel Advisor Annual (NEW)
                            [image] => https://storage.googleapis.com/builder-preview/payment/product/product-placeholder.png
                            [price] => 1489
                            [quantity] => 1
                            [line_price] => 1489
                            [product_type] => one_time
                            [product_submission_type] => 1
                            [meta] => Array
                                (
                                    [product_id] => 68364006a8bec0391315a2bf
                                    [price_id] => 68364006a8bec0a71115a2d0
                                    [order_id] => 6841f03955063342968bca26
                                )

                        )

                )

            [customer] => Array
                (
                    [id] => TMPBeBtqDpVxnYBRPSVx
                    [first_name] => Victor
                    [last_name] => Martinez
                    [name] => Victor Martinez
                    [email] => martivic75@gmail.com
                    [phone] => +13044319778
                    [full_address] => house no 42 gulberg toba tak singh state punjab pakistan
                    [state] => Punjab
                    [city] => toba tak singh
                    [country] => PK
                    [postal_code] => 36300
                )

            [currency_code] => USD
            [currency_symbol] => $
            [total_cart_price] => 1489
            [has_discount] => 
            [total_discount] => 0
            [discount_code] => 
            [total_price] => 1489
        )

    [workflow] => Array
        (
            [id] => faaa195c-1bcb-477c-8028-1d7d89a313f7
            [name] => TEST
        )

    [triggerData] => Array
        (
        )

    [contact] => Array
        (
            [attributionSource] => Array
                (
                    [sessionSource] => Direct traffic
                    [url] => https://app.levartimarketingsystems.com/v2/preview/V8VhiU2V2vSAbxBYcWIe
                    [campaign] => 
                    [utmSource] => 
                    [utmMedium] => 
                    [utmContent] => 
                    [utmTerm] => 
                    [utmKeyword] => 
                    [utmMatchtype] => 
                    [referrer] => 
                    [gclid] => 
                    [userAgent] => Mozilla/5.0 (Windows NT 10.0; Win64; x64) AppleWebKit/537.36 (KHTML, like Gecko) Chrome/136.0.0.0 Safari/537.36
                    [ip] => 163.223.4.97
                    [gaClientId] => GA1.2.1420336292.1747869861
                    [medium] => order_form
                    [mediumId] => 72dcffb0-9f94-4abc-acaa-89f8b6d014d6
                    [adName] => 
                    [adGroupId] => 
                    [adId] => 
                    [gbraid] => 
                    [wbraid] => 
                )

            [lastAttributionSource] => Array
                (
                    [sessionSource] => Direct traffic
                    [url] => https://dashlifetravel.com/pass-us-travel-2446?src=4462
                    [utmSource] => 
                    [utmMedium] => 
                    [utmContent] => 
                    [utmTerm] => 
                    [utmKeyword] => 
                    [utmMatchtype] => 
                    [referrer] => 
                    [gclid] => 
                    [userAgent] => Mozilla/5.0 (Windows NT 10.0; Win64; x64) AppleWebKit/537.36 (KHTML, like Gecko) Chrome/137.0.0.0 Safari/537.36
                    [ip] => 163.223.4.81
                    [gaClientId] => 
                    [medium] => order_form
                    [mediumId] => a4332cca-7fd5-4f38-a9e3-1775cf733069
                    [adName] => 
                    [adGroupId] => 
                    [adId] => 
                    [gbraid] => 
                    [wbraid] => 
                )

        )

    [attributionSource] => Array
        (
        )

    [customData] => Array
        (
            [order_source] => funnel
            [order_total] => 1489
        )

)

[2025-06-05 19:35:10] 📥 Incoming Payload => Array
(
    [Monthly or Annual] => 
    [Placeholder] => 
    [PersonDisplayID] => 
    [Join Date] => 
    [personId] => 
    [Contact Message] => 
    [Affiliate Display ID] => 
    [Affiliate Portal Link] => 
    [personTypeId] => 
    [Affiliate Link] => 
    [Affiliate Phone] => 
    [LinkID] => 19522903581
    [Subaccount ID] => 
    [Subscription ID] => 
    [Password] => martivic75
    [Dream Destination] => test
    [contact_id] => TMPBeBtqDpVxnYBRPSVx
    [first_name] => Victor
    [last_name] => Martinez
    [full_name] => Victor Martinez
    [email] => martivic75@gmail.com
    [phone] => +13044319778
    [tags] => 
    [address1] => house no 42 gulberg toba tak singh state punjab pakistan
    [city] => toba tak singh
    [state] => Punjab
    [country] => PK
    [timezone] => Asia/Karachi
    [date_created] => 2025-05-22T01:08:14.227Z
    [postal_code] => 36300
    [date_of_birth] => 1975-06-20T00:00:00.000Z
    [contact_source] => test order page
    [full_address] => house no 42 gulberg toba tak singh state punjab pakistan, toba tak singh Punjab 36300
    [contact_type] => lead
    [location] => Array
        (
            [name] => Levarti Travel
            [address] => 2655 Ulmerton Road, #254
            [city] => Clearwater
            [state] => FL
            [country] => US
            [postalCode] => 33762
            [fullAddress] => 2655 Ulmerton Road, #254, Clearwater FL 33762
            [id] => BgC5ZRCPYCXFXQYCjR7y
        )

    [order] => Array
        (
            [line_item_global_product_ids] => Array
                (
                    [0] => 68364006a8bec0391315a2bf
                )

            [ine_item_global_price_ids] => Array
                (
                    [0] => 68364006a8bec0a71115a2d0
                )

            [line_item_funnel_product_ids] => Array
                (
                    [0] => 683656ce9ad15530eb3b6754
                )

            [line_item_product_submission_types] => Array
                (
                    [0] => 1
                )

            [funnel_id] => ZUpA97sQFyZSZlFQIILb
            [source] => funnel
            [sub_source] => one_step_order_form
            [source_id] => ZUpA97sQFyZSZlFQIILb
            [meta] => Array
                (
                    [page_id] => pq1DHnogOg6Gam5KNy2U
                )

            [payment_gateway] => stripe
            [created_at] => 2025-06-05T19:30:01.607Z
            [created_on] => 5 Jun 2025
            [line_items] => Array
                (
                    [0] => Array
                        (
                            [id] => 683656ce9ad15530eb3b6754
                            [title] => Passport Travel Advisor Annual (NEW)
                            [image] => https://storage.googleapis.com/builder-preview/payment/product/product-placeholder.png
                            [price] => 1489
                            [quantity] => 1
                            [line_price] => 1489
                            [product_type] => one_time
                            [product_submission_type] => 1
                            [meta] => Array
                                (
                                    [product_id] => 68364006a8bec0391315a2bf
                                    [price_id] => 68364006a8bec0a71115a2d0
                                    [order_id] => 6841f03955063342968bca26
                                )

                        )

                )

            [customer] => Array
                (
                    [id] => TMPBeBtqDpVxnYBRPSVx
                    [first_name] => Victor
                    [last_name] => Martinez
                    [name] => Victor Martinez
                    [email] => martivic75@gmail.com
                    [phone] => +13044319778
                    [full_address] => house no 42 gulberg toba tak singh state punjab pakistan
                    [state] => Punjab
                    [city] => toba tak singh
                    [country] => PK
                    [postal_code] => 36300
                )

            [currency_code] => USD
            [currency_symbol] => $
            [total_cart_price] => 1489
            [has_discount] => 
            [total_discount] => 0
            [discount_code] => 
            [total_price] => 1489
        )

    [workflow] => Array
        (
            [id] => faaa195c-1bcb-477c-8028-1d7d89a313f7
            [name] => TEST
        )

    [triggerData] => Array
        (
        )

    [contact] => Array
        (
            [attributionSource] => Array
                (
                    [sessionSource] => Direct traffic
                    [url] => https://app.levartimarketingsystems.com/v2/preview/V8VhiU2V2vSAbxBYcWIe
                    [campaign] => 
                    [utmSource] => 
                    [utmMedium] => 
                    [utmContent] => 
                    [utmTerm] => 
                    [utmKeyword] => 
                    [utmMatchtype] => 
                    [referrer] => 
                    [gclid] => 
                    [userAgent] => Mozilla/5.0 (Windows NT 10.0; Win64; x64) AppleWebKit/537.36 (KHTML, like Gecko) Chrome/136.0.0.0 Safari/537.36
                    [ip] => 163.223.4.97
                    [gaClientId] => GA1.2.1420336292.1747869861
                    [medium] => order_form
                    [mediumId] => 72dcffb0-9f94-4abc-acaa-89f8b6d014d6
                    [adName] => 
                    [adGroupId] => 
                    [adId] => 
                    [gbraid] => 
                    [wbraid] => 
                )

            [lastAttributionSource] => Array
                (
                    [sessionSource] => Direct traffic
                    [url] => https://dashlifetravel.com/thankyou?linkid=&email=martivic75@gmail.com
                    [utmSource] => 
                    [utmMedium] => 
                    [utmContent] => 
                    [utmTerm] => 
                    [utmKeyword] => 
                    [utmMatchtype] => 
                    [referrer] => 
                    [gclid] => 
                    [userAgent] => Mozilla/5.0 (Windows NT 10.0; Win64; x64) AppleWebKit/537.36 (KHTML, like Gecko) Chrome/137.0.0.0 Safari/537.36
                    [ip] => 163.223.4.81
                    [gaClientId] => 
                    [medium] => form
                    [mediumId] => 9cJp0vMar6fRnDZsUQKl
                    [adName] => 
                    [adGroupId] => 
                    [adId] => 
                    [gbraid] => 
                    [wbraid] => 
                )

        )

    [attributionSource] => Array
        (
        )

    [customData] => Array
        (
            [order_source] => funnel
            [order_total] => 1489
        )

)

[2025-06-05 19:45:20] 📥 Incoming Payload => Array
(
    [Monthly or Annual] => 
    [Placeholder] => 
    [PersonDisplayID] => 
    [Join Date] => 
    [personId] => 
    [Contact Message] => 
    [Affiliate Display ID] => 
    [Affiliate Portal Link] => 
    [personTypeId] => 
    [Affiliate Link] => 
    [Affiliate Phone] => 
    [LinkID] => 19522903581
    [Subaccount ID] => 
    [Subscription ID] => 
    [Password] => martivic75
    [Dream Destination] => test
    [contact_id] => TMPBeBtqDpVxnYBRPSVx
    [first_name] => Victor
    [last_name] => Martinez
    [full_name] => Victor Martinez
    [email] => martivic75@gmail.com
    [phone] => +13044319778
    [tags] => 
    [address1] => house no 42 gulberg toba tak singh state punjab pakistan
    [city] => toba tak singh
    [state] => Punjab
    [country] => PK
    [timezone] => Asia/Karachi
    [date_created] => 2025-05-22T01:08:14.227Z
    [postal_code] => 36300
    [date_of_birth] => 1975-06-20T00:00:00.000Z
    [contact_source] => test order page
    [full_address] => house no 42 gulberg toba tak singh state punjab pakistan, toba tak singh Punjab 36300
    [contact_type] => lead
    [location] => Array
        (
            [name] => Levarti Travel
            [address] => 2655 Ulmerton Road, #254
            [city] => Clearwater
            [state] => FL
            [country] => US
            [postalCode] => 33762
            [fullAddress] => 2655 Ulmerton Road, #254, Clearwater FL 33762
            [id] => BgC5ZRCPYCXFXQYCjR7y
        )

    [order] => Array
        (
            [line_item_global_product_ids] => Array
                (
                    [0] => 68364006a8bec0391315a2bf
                )

            [ine_item_global_price_ids] => Array
                (
                    [0] => 68364006a8bec0a71115a2d0
                )

            [line_item_funnel_product_ids] => Array
                (
                    [0] => 683656ce9ad15530eb3b6754
                )

            [line_item_product_submission_types] => Array
                (
                    [0] => 1
                )

            [funnel_id] => ZUpA97sQFyZSZlFQIILb
            [source] => funnel
            [sub_source] => one_step_order_form
            [source_id] => ZUpA97sQFyZSZlFQIILb
            [meta] => Array
                (
                    [page_id] => pq1DHnogOg6Gam5KNy2U
                )

            [payment_gateway] => stripe
            [created_at] => 2025-06-05T19:30:01.607Z
            [created_on] => 5 Jun 2025
            [line_items] => Array
                (
                    [0] => Array
                        (
                            [id] => 683656ce9ad15530eb3b6754
                            [title] => Passport Travel Advisor Annual (NEW)
                            [image] => https://storage.googleapis.com/builder-preview/payment/product/product-placeholder.png
                            [price] => 1489
                            [quantity] => 1
                            [line_price] => 1489
                            [product_type] => one_time
                            [product_submission_type] => 1
                            [meta] => Array
                                (
                                    [product_id] => 68364006a8bec0391315a2bf
                                    [price_id] => 68364006a8bec0a71115a2d0
                                    [order_id] => 6841f03955063342968bca26
                                )

                        )

                )

            [customer] => Array
                (
                    [id] => TMPBeBtqDpVxnYBRPSVx
                    [first_name] => Victor
                    [last_name] => Martinez
                    [name] => Victor Martinez
                    [email] => martivic75@gmail.com
                    [phone] => +13044319778
                    [full_address] => house no 42 gulberg toba tak singh state punjab pakistan
                    [state] => Punjab
                    [city] => toba tak singh
                    [country] => PK
                    [postal_code] => 36300
                )

            [currency_code] => USD
            [currency_symbol] => $
            [total_cart_price] => 1489
            [has_discount] => 
            [total_discount] => 0
            [discount_code] => 
            [total_price] => 1489
        )

    [workflow] => Array
        (
            [id] => faaa195c-1bcb-477c-8028-1d7d89a313f7
            [name] => TEST
        )

    [triggerData] => Array
        (
        )

    [contact] => Array
        (
            [attributionSource] => Array
                (
                    [sessionSource] => Direct traffic
                    [url] => https://app.levartimarketingsystems.com/v2/preview/V8VhiU2V2vSAbxBYcWIe
                    [campaign] => 
                    [utmSource] => 
                    [utmMedium] => 
                    [utmContent] => 
                    [utmTerm] => 
                    [utmKeyword] => 
                    [utmMatchtype] => 
                    [referrer] => 
                    [gclid] => 
                    [userAgent] => Mozilla/5.0 (Windows NT 10.0; Win64; x64) AppleWebKit/537.36 (KHTML, like Gecko) Chrome/136.0.0.0 Safari/537.36
                    [ip] => 163.223.4.97
                    [gaClientId] => GA1.2.1420336292.1747869861
                    [medium] => order_form
                    [mediumId] => 72dcffb0-9f94-4abc-acaa-89f8b6d014d6
                    [adName] => 
                    [adGroupId] => 
                    [adId] => 
                    [gbraid] => 
                    [wbraid] => 
                )

            [lastAttributionSource] => Array
                (
                    [sessionSource] => Direct traffic
                    [url] => https://dashlifetravel.com/thankyou?linkid=&email=martivic75@gmail.com
                    [utmSource] => 
                    [utmMedium] => 
                    [utmContent] => 
                    [utmTerm] => 
                    [utmKeyword] => 
                    [utmMatchtype] => 
                    [referrer] => 
                    [gclid] => 
                    [userAgent] => Mozilla/5.0 (Windows NT 10.0; Win64; x64) AppleWebKit/537.36 (KHTML, like Gecko) Chrome/137.0.0.0 Safari/537.36
                    [ip] => 163.223.4.81
                    [gaClientId] => 
                    [medium] => form
                    [mediumId] => 9cJp0vMar6fRnDZsUQKl
                    [adName] => 
                    [adGroupId] => 
                    [adId] => 
                    [gbraid] => 
                    [wbraid] => 
                )

        )

    [attributionSource] => Array
        (
        )

    [customData] => Array
        (
            [order_source] => funnel
            [order_total] => 1489
        )

)

[2025-06-05 20:01:56] 📥 Incoming Payload => Array
(
    [Monthly or Annual] => 
    [Placeholder] => 
    [PersonDisplayID] => 
    [Join Date] => 
    [personId] => 
    [Contact Message] => 
    [Affiliate Display ID] => 
    [Affiliate Portal Link] => 
    [personTypeId] => 
    [Affiliate Link] => 
    [Affiliate Phone] => 
    [LinkID] => 19522903581
    [Subaccount ID] => 
    [Subscription ID] => 
    [Password] => martivic75
    [Dream Destination] => test
    [contact_id] => TMPBeBtqDpVxnYBRPSVx
    [first_name] => Victor
    [last_name] => Martinez
    [full_name] => Victor Martinez
    [email] => martivic75@gmail.com
    [phone] => +13044319778
    [tags] => 
    [address1] => house no 42 gulberg toba tak singh state punjab pakistan
    [city] => toba tak singh
    [state] => Punjab
    [country] => PK
    [timezone] => Asia/Karachi
    [date_created] => 2025-05-22T01:08:14.227Z
    [postal_code] => 36300
    [date_of_birth] => 1975-06-20T00:00:00.000Z
    [contact_source] => test order page
    [full_address] => house no 42 gulberg toba tak singh state punjab pakistan, toba tak singh Punjab 36300
    [contact_type] => lead
    [location] => Array
        (
            [name] => Levarti Travel
            [address] => 2655 Ulmerton Road, #254
            [city] => Clearwater
            [state] => FL
            [country] => US
            [postalCode] => 33762
            [fullAddress] => 2655 Ulmerton Road, #254, Clearwater FL 33762
            [id] => BgC5ZRCPYCXFXQYCjR7y
        )

    [order] => Array
        (
            [line_item_global_product_ids] => Array
                (
                    [0] => 68364006a8bec0391315a2bf
                )

            [ine_item_global_price_ids] => Array
                (
                    [0] => 68364006a8bec0a71115a2d0
                )

            [line_item_funnel_product_ids] => Array
                (
                    [0] => 683656ce9ad15530eb3b6754
                )

            [line_item_product_submission_types] => Array
                (
                    [0] => 1
                )

            [funnel_id] => ZUpA97sQFyZSZlFQIILb
            [source] => funnel
            [sub_source] => one_step_order_form
            [source_id] => ZUpA97sQFyZSZlFQIILb
            [meta] => Array
                (
                    [page_id] => pq1DHnogOg6Gam5KNy2U
                )

            [payment_gateway] => stripe
            [created_at] => 2025-06-05T19:30:01.607Z
            [created_on] => 5 Jun 2025
            [line_items] => Array
                (
                    [0] => Array
                        (
                            [id] => 683656ce9ad15530eb3b6754
                            [title] => Passport Travel Advisor Annual (NEW)
                            [image] => https://storage.googleapis.com/builder-preview/payment/product/product-placeholder.png
                            [price] => 1489
                            [quantity] => 1
                            [line_price] => 1489
                            [product_type] => one_time
                            [product_submission_type] => 1
                            [meta] => Array
                                (
                                    [product_id] => 68364006a8bec0391315a2bf
                                    [price_id] => 68364006a8bec0a71115a2d0
                                    [order_id] => 6841f03955063342968bca26
                                )

                        )

                )

            [customer] => Array
                (
                    [id] => TMPBeBtqDpVxnYBRPSVx
                    [first_name] => Victor
                    [last_name] => Martinez
                    [name] => Victor Martinez
                    [email] => martivic75@gmail.com
                    [phone] => +13044319778
                    [full_address] => house no 42 gulberg toba tak singh state punjab pakistan
                    [state] => Punjab
                    [city] => toba tak singh
                    [country] => PK
                    [postal_code] => 36300
                )

            [currency_code] => USD
            [currency_symbol] => $
            [total_cart_price] => 1489
            [has_discount] => 
            [total_discount] => 0
            [discount_code] => 
            [total_price] => 1489
        )

    [workflow] => Array
        (
            [id] => faaa195c-1bcb-477c-8028-1d7d89a313f7
            [name] => TEST
        )

    [triggerData] => Array
        (
        )

    [contact] => Array
        (
            [attributionSource] => Array
                (
                    [sessionSource] => Direct traffic
                    [url] => https://app.levartimarketingsystems.com/v2/preview/V8VhiU2V2vSAbxBYcWIe
                    [campaign] => 
                    [utmSource] => 
                    [utmMedium] => 
                    [utmContent] => 
                    [utmTerm] => 
                    [utmKeyword] => 
                    [utmMatchtype] => 
                    [referrer] => 
                    [gclid] => 
                    [userAgent] => Mozilla/5.0 (Windows NT 10.0; Win64; x64) AppleWebKit/537.36 (KHTML, like Gecko) Chrome/136.0.0.0 Safari/537.36
                    [ip] => 163.223.4.97
                    [gaClientId] => GA1.2.1420336292.1747869861
                    [medium] => order_form
                    [mediumId] => 72dcffb0-9f94-4abc-acaa-89f8b6d014d6
                    [adName] => 
                    [adGroupId] => 
                    [adId] => 
                    [gbraid] => 
                    [wbraid] => 
                )

            [lastAttributionSource] => Array
                (
                    [sessionSource] => Direct traffic
                    [url] => https://dashlifetravel.com/thankyou?linkid=&email=martivic75@gmail.com
                    [utmSource] => 
                    [utmMedium] => 
                    [utmContent] => 
                    [utmTerm] => 
                    [utmKeyword] => 
                    [utmMatchtype] => 
                    [referrer] => 
                    [gclid] => 
                    [userAgent] => Mozilla/5.0 (Windows NT 10.0; Win64; x64) AppleWebKit/537.36 (KHTML, like Gecko) Chrome/137.0.0.0 Safari/537.36
                    [ip] => 163.223.4.81
                    [gaClientId] => 
                    [medium] => form
                    [mediumId] => 9cJp0vMar6fRnDZsUQKl
                    [adName] => 
                    [adGroupId] => 
                    [adId] => 
                    [gbraid] => 
                    [wbraid] => 
                )

        )

    [attributionSource] => Array
        (
        )

    [customData] => Array
        (
            [order_source] => funnel
            [order_total] => 1489
        )

)

[2025-06-05 20:21:58] 📥 Incoming Payload => Array
(
    [Monthly or Annual] => 
    [Placeholder] => 
    [PersonDisplayID] => 
    [Join Date] => 
    [personId] => 
    [Contact Message] => 
    [Affiliate Display ID] => 
    [Affiliate Portal Link] => 
    [personTypeId] => 
    [Affiliate Link] => 
    [Affiliate Phone] => 
    [LinkID] => 19522903581
    [Subaccount ID] => 
    [Subscription ID] => 
    [Password] => martivic75
    [Dream Destination] => test
    [contact_id] => TMPBeBtqDpVxnYBRPSVx
    [first_name] => Victor
    [last_name] => Martinez
    [full_name] => Victor Martinez
    [email] => martivic75@gmail.com
    [phone] => +13044319778
    [tags] => 
    [address1] => house no 42 gulberg toba tak singh state punjab pakistan
    [city] => toba tak singh
    [state] => Punjab
    [country] => PK
    [timezone] => Asia/Karachi
    [date_created] => 2025-05-22T01:08:14.227Z
    [postal_code] => 36300
    [date_of_birth] => 1975-06-20T00:00:00.000Z
    [contact_source] => test order page
    [full_address] => house no 42 gulberg toba tak singh state punjab pakistan, toba tak singh Punjab 36300
    [contact_type] => lead
    [location] => Array
        (
            [name] => Levarti Travel
            [address] => 2655 Ulmerton Road, #254
            [city] => Clearwater
            [state] => FL
            [country] => US
            [postalCode] => 33762
            [fullAddress] => 2655 Ulmerton Road, #254, Clearwater FL 33762
            [id] => BgC5ZRCPYCXFXQYCjR7y
        )

    [order] => Array
        (
            [line_item_global_product_ids] => Array
                (
                    [0] => 68364006a8bec0391315a2bf
                )

            [ine_item_global_price_ids] => Array
                (
                    [0] => 68364006a8bec0a71115a2d0
                )

            [line_item_funnel_product_ids] => Array
                (
                    [0] => 683656ce9ad15530eb3b6754
                )

            [line_item_product_submission_types] => Array
                (
                    [0] => 1
                )

            [funnel_id] => ZUpA97sQFyZSZlFQIILb
            [source] => funnel
            [sub_source] => one_step_order_form
            [source_id] => ZUpA97sQFyZSZlFQIILb
            [meta] => Array
                (
                    [page_id] => pq1DHnogOg6Gam5KNy2U
                )

            [payment_gateway] => stripe
            [created_at] => 2025-06-05T19:30:01.607Z
            [created_on] => 5 Jun 2025
            [line_items] => Array
                (
                    [0] => Array
                        (
                            [id] => 683656ce9ad15530eb3b6754
                            [title] => Passport Travel Advisor Annual (NEW)
                            [image] => https://storage.googleapis.com/builder-preview/payment/product/product-placeholder.png
                            [price] => 1489
                            [quantity] => 1
                            [line_price] => 1489
                            [product_type] => one_time
                            [product_submission_type] => 1
                            [meta] => Array
                                (
                                    [product_id] => 68364006a8bec0391315a2bf
                                    [price_id] => 68364006a8bec0a71115a2d0
                                    [order_id] => 6841f03955063342968bca26
                                )

                        )

                )

            [customer] => Array
                (
                    [id] => TMPBeBtqDpVxnYBRPSVx
                    [first_name] => Victor
                    [last_name] => Martinez
                    [name] => Victor Martinez
                    [email] => martivic75@gmail.com
                    [phone] => +13044319778
                    [full_address] => house no 42 gulberg toba tak singh state punjab pakistan
                    [state] => Punjab
                    [city] => toba tak singh
                    [country] => PK
                    [postal_code] => 36300
                )

            [currency_code] => USD
            [currency_symbol] => $
            [total_cart_price] => 1489
            [has_discount] => 
            [total_discount] => 0
            [discount_code] => 
            [total_price] => 1489
        )

    [workflow] => Array
        (
            [id] => faaa195c-1bcb-477c-8028-1d7d89a313f7
            [name] => TEST
        )

    [triggerData] => Array
        (
        )

    [contact] => Array
        (
            [attributionSource] => Array
                (
                    [sessionSource] => Direct traffic
                    [url] => https://app.levartimarketingsystems.com/v2/preview/V8VhiU2V2vSAbxBYcWIe
                    [campaign] => 
                    [utmSource] => 
                    [utmMedium] => 
                    [utmContent] => 
                    [utmTerm] => 
                    [utmKeyword] => 
                    [utmMatchtype] => 
                    [referrer] => 
                    [gclid] => 
                    [userAgent] => Mozilla/5.0 (Windows NT 10.0; Win64; x64) AppleWebKit/537.36 (KHTML, like Gecko) Chrome/136.0.0.0 Safari/537.36
                    [ip] => 163.223.4.97
                    [gaClientId] => GA1.2.1420336292.1747869861
                    [medium] => order_form
                    [mediumId] => 72dcffb0-9f94-4abc-acaa-89f8b6d014d6
                    [adName] => 
                    [adGroupId] => 
                    [adId] => 
                    [gbraid] => 
                    [wbraid] => 
                )

            [lastAttributionSource] => Array
                (
                    [sessionSource] => Direct traffic
                    [url] => https://dashlifetravel.com/thankyou?linkid=&email=martivic75@gmail.com
                    [utmSource] => 
                    [utmMedium] => 
                    [utmContent] => 
                    [utmTerm] => 
                    [utmKeyword] => 
                    [utmMatchtype] => 
                    [referrer] => 
                    [gclid] => 
                    [userAgent] => Mozilla/5.0 (Windows NT 10.0; Win64; x64) AppleWebKit/537.36 (KHTML, like Gecko) Chrome/137.0.0.0 Safari/537.36
                    [ip] => 163.223.4.81
                    [gaClientId] => 
                    [medium] => form
                    [mediumId] => 9cJp0vMar6fRnDZsUQKl
                    [adName] => 
                    [adGroupId] => 
                    [adId] => 
                    [gbraid] => 
                    [wbraid] => 
                )

        )

    [attributionSource] => Array
        (
        )

    [customData] => Array
        (
            [order_source] => funnel
            [order_total] => 1489
        )

)

